Country,ISO3,Year,average_schooling
Argentina,ARG,2000,8.802
Argentina,ARG,2001,8.87
Argentina,ARG,2002,9.395
Argentina,ARG,2003,9.92
Argentina,ARG,2004,10.01
Argentina,ARG,2005,10.099999
Argentina,ARG,2006,10.19
Argentina,ARG,2007,10.299999
Argentina,ARG,2008,10.41
Argentina,ARG,2009,10.54
Argentina,ARG,2010,10.6
Argentina,ARG,2011,10.7
Argentina,ARG,2012,10.79
Argentina,ARG,2013,10.89
Argentina,ARG,2014,10.91
Argentina,ARG,2015,10.92
Argentina,ARG,2016,10.93
Argentina,ARG,2017,11.015
Argentina,ARG,2018,11.1
Argentina,ARG,2019,11.12
Argentina,ARG,2020,11.14
Argentina,ARG,2021,11.184582
Argentina,ARG,2022,11.184582
Armenia,ARM,2000,10.4919405
Armenia,ARM,2001,10.49
Armenia,ARM,2002,10.559999
Armenia,ARM,2003,10.63
Armenia,ARM,2004,10.7
Armenia,ARM,2005,10.7699995
Armenia,ARM,2006,10.84
Armenia,ARM,2007,10.91
Armenia,ARM,2008,10.98
Armenia,ARM,2009,11.049999
Armenia,ARM,2010,11.12
Armenia,ARM,2011,11.19
Armenia,ARM,2012,11.285
Armenia,ARM,2013,11.38
Armenia,ARM,2014,11.474999
Armenia,ARM,2015,11.57
Armenia,ARM,2016,11.68974
Armenia,ARM,2017,11.19
Armenia,ARM,2018,11.236667
Armenia,ARM,2019,11.283333
Armenia,ARM,2020,11.33
Armenia,ARM,2021,11.344978
Armenia,ARM,2022,11.344978
Australia,AUS,2000,11.285493
Australia,AUS,2001,11.3416195
Australia,AUS,2002,11.397747
Australia,AUS,2003,11.453874
Australia,AUS,2004,11.51
Australia,AUS,2005,11.55
Australia,AUS,2006,11.64
Australia,AUS,2007,11.71
Australia,AUS,2008,11.94
Australia,AUS,2009,11.99
Australia,AUS,2010,12.03
Australia,AUS,2011,12.12
Australia,AUS,2012,12.3
Australia,AUS,2013,12.02
Australia,AUS,2014,12.17
Australia,AUS,2015,12.25
Australia,AUS,2016,12.35
Australia,AUS,2017,12.32
Australia,AUS,2018,12.46
Australia,AUS,2019,12.56
Australia,AUS,2020,12.64
Australia,AUS,2021,12.78
Australia,AUS,2022,12.87
Bangladesh,BGD,2000,4.283905
Bangladesh,BGD,2001,4.4
Bangladesh,BGD,2002,4.48
Bangladesh,BGD,2003,4.56
Bangladesh,BGD,2004,4.64
Bangladesh,BGD,2005,4.72
Bangladesh,BGD,2006,4.7999997
Bangladesh,BGD,2007,4.88
Bangladesh,BGD,2008,4.96
Bangladesh,BGD,2009,5.04
Bangladesh,BGD,2010,5.12
Bangladesh,BGD,2011,5.2
Bangladesh,BGD,2012,5.3
Bangladesh,BGD,2013,5.06
Bangladesh,BGD,2014,5.19
Bangladesh,BGD,2015,5.99
Bangladesh,BGD,2016,6.11
Bangladesh,BGD,2017,6.27
Bangladesh,BGD,2018,6.39
Bangladesh,BGD,2019,6.55
Bangladesh,BGD,2020,7.1
Bangladesh,BGD,2021,6.79
Bangladesh,BGD,2022,6.79
Brazil,BRA,2000,5.272178
Brazil,BRA,2001,5.449134
Brazil,BRA,2002,5.626089
Brazil,BRA,2003,5.803045
Brazil,BRA,2004,5.98
Brazil,BRA,2005,6.15
Brazil,BRA,2006,6.32
Brazil,BRA,2007,6.5
Brazil,BRA,2008,6.67
Brazil,BRA,2009,6.77
Brazil,BRA,2010,6.88
Brazil,BRA,2011,7.01
Brazil,BRA,2012,7.22
Brazil,BRA,2013,7.29
Brazil,BRA,2014,7.38
Brazil,BRA,2015,7.51
Brazil,BRA,2016,7.73
Brazil,BRA,2017,7.85
Brazil,BRA,2018,7.98
Brazil,BRA,2019,8.125778
Brazil,BRA,2020,8.274219
Brazil,BRA,2021,8.425372
Brazil,BRA,2022,8.425372
Canada,CAN,2000,12.486
Canada,CAN,2001,12.66
Canada,CAN,2002,12.792
Canada,CAN,2003,12.924
Canada,CAN,2004,13.056
Canada,CAN,2005,13.188
Canada,CAN,2006,13.32
Canada,CAN,2007,13.368
Canada,CAN,2008,13.416
Canada,CAN,2009,13.464
Canada,CAN,2010,13.512
Canada,CAN,2011,13.56
Canada,CAN,2012,13.594
Canada,CAN,2013,13.628
Canada,CAN,2014,13.662
Canada,CAN,2015,13.696
Canada,CAN,2016,13.73
Canada,CAN,2017,13.757999
Canada,CAN,2018,13.785999
Canada,CAN,2019,13.814
Canada,CAN,2020,13.842
Canada,CAN,2021,13.87
Canada,CAN,2022,13.87
Chile,CHL,2000,9.1479845
Chile,CHL,2001,9.285988
Chile,CHL,2002,9.423992
Chile,CHL,2003,9.5619955
Chile,CHL,2004,9.7
Chile,CHL,2005,9.736667
Chile,CHL,2006,9.773334
Chile,CHL,2007,9.81
Chile,CHL,2008,10.11
Chile,CHL,2009,9.98
Chile,CHL,2010,9.85
Chile,CHL,2011,9.54
Chile,CHL,2012,9.775
Chile,CHL,2013,10.01
Chile,CHL,2014,10.135
Chile,CHL,2015,10.26
Chile,CHL,2016,10.425
Chile,CHL,2017,10.59
Chile,CHL,2018,10.761073
Chile,CHL,2019,10.93491
Chile,CHL,2020,11.111555
Chile,CHL,2021,11.291054
Chile,CHL,2022,11.291054
China,CHN,2000,6.12
China,CHN,2001,6.2139997
China,CHN,2002,6.308
China,CHN,2003,6.402
China,CHN,2004,6.496
China,CHN,2005,6.5899997
China,CHN,2006,6.684
China,CHN,2007,6.778
China,CHN,2008,6.8719997
China,CHN,2009,6.966
China,CHN,2010,7.06
China,CHN,2011,7.154565
China,CHN,2012,7.2491302
China,CHN,2013,7.343695
China,CHN,2014,7.43826
China,CHN,2015,7.532825
China,CHN,2016,7.62739
China,CHN,2017,7.7219553
China,CHN,2018,7.81652
China,CHN,2019,7.8832603
China,CHN,2020,7.95
China,CHN,2021,8.036181
China,CHN,2022,8.036181
Cyprus,CYP,2000,9.91
Cyprus,CYP,2001,10.0725
Cyprus,CYP,2002,10.235001
Cyprus,CYP,2003,10.3975
Cyprus,CYP,2004,10.56
Cyprus,CYP,2005,10.72
Cyprus,CYP,2006,10.97
Cyprus,CYP,2007,11.19
Cyprus,CYP,2008,11.28
Cyprus,CYP,2009,11.26
Cyprus,CYP,2010,11.44
Cyprus,CYP,2011,11.58
Cyprus,CYP,2012,11.81
Cyprus,CYP,2013,11.88
Cyprus,CYP,2014,11.88
Cyprus,CYP,2015,11.87
Cyprus,CYP,2016,12.09
Cyprus,CYP,2017,12.184999
Cyprus,CYP,2018,12.28
Cyprus,CYP,2019,12.36
Cyprus,CYP,2020,12.44
Cyprus,CYP,2021,12.557372
Cyprus,CYP,2022,12.557372
Czechia,CZE,2000,10.988
Czechia,CZE,2001,11.176666
Czechia,CZE,2002,11.365334
Czechia,CZE,2003,11.554
Czechia,CZE,2004,11.742666
Czechia,CZE,2005,11.931334
Czechia,CZE,2006,12.12
Czechia,CZE,2007,12.14
Czechia,CZE,2008,12.19
Czechia,CZE,2009,12.29
Czechia,CZE,2010,12.39
Czechia,CZE,2011,12.47
Czechia,CZE,2012,12.52
Czechia,CZE,2013,12.6
Czechia,CZE,2014,12.64
Czechia,CZE,2015,12.67
Czechia,CZE,2016,12.74
Czechia,CZE,2017,12.79
Czechia,CZE,2018,12.83
Czechia,CZE,2019,12.87
Czechia,CZE,2020,12.916507
Czechia,CZE,2021,12.963182
Czechia,CZE,2022,12.963182
Ecuador,ECU,2000,7.320588
Ecuador,ECU,2001,7.377647
Ecuador,ECU,2002,7.4347057
Ecuador,ECU,2003,7.4917645
Ecuador,ECU,2004,7.5488234
Ecuador,ECU,2005,7.605882
Ecuador,ECU,2006,7.662941
Ecuador,ECU,2007,7.72
Ecuador,ECU,2008,7.73
Ecuador,ECU,2009,7.74
Ecuador,ECU,2010,7.85
Ecuador,ECU,2011,7.91
Ecuador,ECU,2012,8.1
Ecuador,ECU,2013,8.29
Ecuador,ECU,2014,8.36
Ecuador,ECU,2015,8.7
Ecuador,ECU,2016,8.69
Ecuador,ECU,2017,8.77
Ecuador,ECU,2018,8.786667
Ecuador,ECU,2019,8.803333
Ecuador,ECU,2020,8.82
Ecuador,ECU,2021,9.11
Ecuador,ECU,2022,8.97
Egypt,EGY,2000,6.366
Egypt,EGY,2001,6.375
Egypt,EGY,2002,6.384
Egypt,EGY,2003,6.393
Egypt,EGY,2004,6.402
Egypt,EGY,2005,6.4110003
Egypt,EGY,2006,6.42
Egypt,EGY,2007,6.659091
Egypt,EGY,2008,6.898182
Egypt,EGY,2009,7.137273
Egypt,EGY,2010,7.3763638
Egypt,EGY,2011,7.6154547
Egypt,EGY,2012,7.8545456
Egypt,EGY,2013,8.0936365
Egypt,EGY,2014,8.332727
Egypt,EGY,2015,8.571818
Egypt,EGY,2016,8.810909
Egypt,EGY,2017,9.05
Egypt,EGY,2018,9.310101
Egypt,EGY,2019,9.577677
Egypt,EGY,2020,9.852942
Egypt,EGY,2021,10.13612
Egypt,EGY,2022,10.13612
Ethiopia,ETH,2000,1.4826058
Ethiopia,ETH,2001,1.5565916
Ethiopia,ETH,2002,1.6305776
Ethiopia,ETH,2003,1.7045635
Ethiopia,ETH,2004,1.7834226
Ethiopia,ETH,2005,1.8622817
Ethiopia,ETH,2006,1.9411409
Ethiopia,ETH,2007,2.02
Ethiopia,ETH,2008,2.0575001
Ethiopia,ETH,2009,2.095
Ethiopia,ETH,2010,2.1325
Ethiopia,ETH,2011,2.17
Ethiopia,ETH,2012,2.221358
Ethiopia,ETH,2013,2.272716
Ethiopia,ETH,2014,2.324074
Ethiopia,ETH,2015,2.375432
Ethiopia,ETH,2016,2.42679
Ethiopia,ETH,2017,2.4110367
Ethiopia,ETH,2018,2.3952832
Ethiopia,ETH,2019,2.37953
Ethiopia,ETH,2020,2.3910072
Ethiopia,ETH,2021,2.4025397
Ethiopia,ETH,2022,2.4025397
France,FRA,2000,9.471429
France,FRA,2001,9.663571
France,FRA,2002,9.855714
France,FRA,2003,10.047857
France,FRA,2004,10.24
France,FRA,2005,10.32
France,FRA,2006,10.445
France,FRA,2007,10.57
France,FRA,2008,10.65
France,FRA,2009,10.63
France,FRA,2010,10.78
France,FRA,2011,10.85
France,FRA,2012,10.94
France,FRA,2013,11.08
France,FRA,2014,11.23
France,FRA,2015,11.33
France,FRA,2016,11.35
France,FRA,2017,11.41
France,FRA,2018,11.509999
France,FRA,2019,11.61
France,FRA,2020,11.687574
France,FRA,2021,11.765668
France,FRA,2022,11.765668
Germany,DEU,2000,12.419764
Germany,DEU,2001,12.764823
Germany,DEU,2002,13.109882
Germany,DEU,2003,13.454941
Germany,DEU,2004,13.8
Germany,DEU,2005,13.7
Germany,DEU,2006,13.6
Germany,DEU,2007,13.68
Germany,DEU,2008,13.76
Germany,DEU,2009,13.83
Germany,DEU,2010,13.85
Germany,DEU,2011,13.93
Germany,DEU,2012,13.98
Germany,DEU,2013,14.01
Germany,DEU,2014,14.04
Germany,DEU,2015,14.08
Germany,DEU,2016,14.13
Germany,DEU,2017,14.1050005
Germany,DEU,2018,14.08
Germany,DEU,2019,14.17
Germany,DEU,2020,14.26
Germany,DEU,2021,14.296371
Germany,DEU,2022,14.296371
Greece,GRC,2000,9.103572
Greece,GRC,2001,9.232857
Greece,GRC,2002,9.362143
Greece,GRC,2003,9.491428
Greece,GRC,2004,9.620714
Greece,GRC,2005,9.75
Greece,GRC,2006,10.1
Greece,GRC,2007,10.06
Greece,GRC,2008,10.1
Greece,GRC,2009,10.155001
Greece,GRC,2010,10.21
Greece,GRC,2011,10.3075
Greece,GRC,2012,10.405001
Greece,GRC,2013,10.502501
Greece,GRC,2014,10.6
Greece,GRC,2015,10.74
Greece,GRC,2016,10.25
Greece,GRC,2017,10.54
Greece,GRC,2018,10.83
Greece,GRC,2019,11.12
Greece,GRC,2020,11.41
Greece,GRC,2021,11.553857
Greece,GRC,2022,11.553857
Guatemala,GTM,2000,3.9170294
Guatemala,GTM,2001,3.8835146
Guatemala,GTM,2002,3.85
Guatemala,GTM,2003,3.8
Guatemala,GTM,2004,3.75
Guatemala,GTM,2005,3.7
Guatemala,GTM,2006,3.65
Guatemala,GTM,2007,3.8416667
Guatemala,GTM,2008,4.0333333
Guatemala,GTM,2009,4.225
Guatemala,GTM,2010,4.416667
Guatemala,GTM,2011,4.6083336
Guatemala,GTM,2012,4.8
Guatemala,GTM,2013,4.9
Guatemala,GTM,2014,5.84
Guatemala,GTM,2015,4.93357
Guatemala,GTM,2016,5.1201773
Guatemala,GTM,2017,5.3067846
Guatemala,GTM,2018,5.4933925
Guatemala,GTM,2019,5.68
Guatemala,GTM,2020,5.7357664
Guatemala,GTM,2021,5.7915335
Guatemala,GTM,2022,5.8473
India,IND,2000,4.14268
India,IND,2001,4.2197094
India,IND,2002,4.296739
India,IND,2003,4.3737683
India,IND,2004,4.4507976
India,IND,2005,4.5278273
India,IND,2006,4.634917
India,IND,2007,4.742007
India,IND,2008,4.8490963
India,IND,2009,4.956186
India,IND,2010,5.063276
India,IND,2011,5.3
India,IND,2012,5.3975782
India,IND,2013,5.4951563
India,IND,2014,5.592734
India,IND,2015,5.690312
India,IND,2016,5.78789
India,IND,2017,6.0139446
India,IND,2018,6.24
India,IND,2019,6.28138
India,IND,2020,6.49
India,IND,2021,6.5299997
India,IND,2022,6.57
Indonesia,IDN,2000,5.95125
Indonesia,IDN,2001,6.2243752
Indonesia,IDN,2002,6.4975
Indonesia,IDN,2003,6.770625
Indonesia,IDN,2004,7.0437503
Indonesia,IDN,2005,7.316875
Indonesia,IDN,2006,7.59
Indonesia,IDN,2007,7.02
Indonesia,IDN,2008,7.07
Indonesia,IDN,2009,7.31
Indonesia,IDN,2010,7.4100003
Indonesia,IDN,2011,7.51
Indonesia,IDN,2012,7.606667
Indonesia,IDN,2013,7.7033334
Indonesia,IDN,2014,7.8
Indonesia,IDN,2015,7.91
Indonesia,IDN,2016,7.98
Indonesia,IDN,2017,8.23959
Indonesia,IDN,2018,8.16
Indonesia,IDN,2019,8.360001
Indonesia,IDN,2020,8.56
Indonesia,IDN,2021,8.697224
Indonesia,IDN,2022,8.697224
Iran,IRN,2000,8.458446
Iran,IRN,2001,8.678746
Iran,IRN,2002,8.899047
Iran,IRN,2003,9.119347
Iran,IRN,2004,9.339647
Iran,IRN,2005,9.559948
Iran,IRN,2006,9.87
Iran,IRN,2007,9.63
Iran,IRN,2008,9.39
Iran,IRN,2009,9.55
Iran,IRN,2010,9.71
Iran,IRN,2011,9.8
Iran,IRN,2012,9.89
Iran,IRN,2013,10.04
Iran,IRN,2014,10.12
Iran,IRN,2015,10.215
Iran,IRN,2016,10.31
Iran,IRN,2017,10.4151745
Iran,IRN,2018,10.521422
Iran,IRN,2019,10.628754
Iran,IRN,2020,10.73718
Iran,IRN,2021,10.846712
Iran,IRN,2022,10.846712
Ireland,IRL,2000,10.53
Ireland,IRL,2001,10.67
Ireland,IRL,2002,10.81
Ireland,IRL,2003,10.95
Ireland,IRL,2004,11.09
Ireland,IRL,2005,11.23
Ireland,IRL,2006,11.37
Ireland,IRL,2007,11.35
Ireland,IRL,2008,11.423333
Ireland,IRL,2009,11.496667
Ireland,IRL,2010,11.57
Ireland,IRL,2011,11.0
Ireland,IRL,2012,11.071667
Ireland,IRL,2013,11.143333
Ireland,IRL,2014,11.215
Ireland,IRL,2015,11.286667
Ireland,IRL,2016,11.358334
Ireland,IRL,2017,11.43
Ireland,IRL,2018,11.503047
Ireland,IRL,2019,11.57656
Ireland,IRL,2020,11.650543
Ireland,IRL,2021,11.724999
Ireland,IRL,2022,11.724999
Japan,JPN,2000,12.085
Japan,JPN,2001,12.1295
Japan,JPN,2002,12.174
Japan,JPN,2003,12.2185
Japan,JPN,2004,12.263
Japan,JPN,2005,12.3075
Japan,JPN,2006,12.352
Japan,JPN,2007,12.3965
Japan,JPN,2008,12.441
Japan,JPN,2009,12.485499
Japan,JPN,2010,12.53
Japan,JPN,2011,12.544
Japan,JPN,2012,12.558
Japan,JPN,2013,12.572
Japan,JPN,2014,12.5859995
Japan,JPN,2015,12.599999
Japan,JPN,2016,12.614
Japan,JPN,2017,12.628
Japan,JPN,2018,12.642
Japan,JPN,2019,12.656
Japan,JPN,2020,12.67
Japan,JPN,2021,12.684047
Japan,JPN,2022,12.684047
Jordan,JOR,2000,7.35957
Jordan,JOR,2001,7.50638
Jordan,JOR,2002,7.65319
Jordan,JOR,2003,7.8
Jordan,JOR,2004,8.144
Jordan,JOR,2005,8.488
Jordan,JOR,2006,8.832001
Jordan,JOR,2007,9.176001
Jordan,JOR,2008,9.52
Jordan,JOR,2009,9.565
Jordan,JOR,2010,9.61
Jordan,JOR,2011,9.763377
Jordan,JOR,2012,9.916754
Jordan,JOR,2013,10.070131
Jordan,JOR,2014,10.223508
Jordan,JOR,2015,10.376885
Jordan,JOR,2016,10.530262
Jordan,JOR,2017,10.68364
Jordan,JOR,2018,10.35
Jordan,JOR,2019,10.400001
Jordan,JOR,2020,10.45
Jordan,JOR,2021,10.38
Jordan,JOR,2022,10.309999
Kazakhstan,KAZ,2000,9.7875
Kazakhstan,KAZ,2001,10.035
Kazakhstan,KAZ,2002,10.2825
Kazakhstan,KAZ,2003,10.530001
Kazakhstan,KAZ,2004,10.7775
Kazakhstan,KAZ,2005,11.025001
Kazakhstan,KAZ,2006,11.2725
Kazakhstan,KAZ,2007,11.52
Kazakhstan,KAZ,2008,11.265
Kazakhstan,KAZ,2009,11.01
Kazakhstan,KAZ,2010,11.174628
Kazakhstan,KAZ,2011,11.339257
Kazakhstan,KAZ,2012,11.503885
Kazakhstan,KAZ,2013,11.668513
Kazakhstan,KAZ,2014,11.833142
Kazakhstan,KAZ,2015,11.99777
Kazakhstan,KAZ,2016,12.068514
Kazakhstan,KAZ,2017,12.1392565
Kazakhstan,KAZ,2018,12.21
Kazakhstan,KAZ,2019,12.321372
Kazakhstan,KAZ,2020,12.433761
Kazakhstan,KAZ,2021,12.547174
Kazakhstan,KAZ,2022,12.547174
Kenya,KEN,2000,5.4268475
Kenya,KEN,2001,5.5424004
Kenya,KEN,2002,5.657953
Kenya,KEN,2003,5.7735057
Kenya,KEN,2004,5.889058
Kenya,KEN,2005,6.004611
Kenya,KEN,2006,6.080958
Kenya,KEN,2007,6.1573052
Kenya,KEN,2008,6.2336526
Kenya,KEN,2009,6.31
Kenya,KEN,2010,5.82
Kenya,KEN,2011,6.061629
Kenya,KEN,2012,6.303258
Kenya,KEN,2013,6.5448866
Kenya,KEN,2014,6.7865157
Kenya,KEN,2015,7.0281444
Kenya,KEN,2016,7.2697735
Kenya,KEN,2017,7.511402
Kenya,KEN,2018,7.7530313
Kenya,KEN,2019,7.99466
Kenya,KEN,2020,7.68636
Kenya,KEN,2021,8.155535
Kenya,KEN,2022,8.62471
Kyrgyzstan,KGZ,2000,10.347
Kyrgyzstan,KGZ,2001,10.404
Kyrgyzstan,KGZ,2002,10.4609995
Kyrgyzstan,KGZ,2003,10.518
Kyrgyzstan,KGZ,2004,10.575
Kyrgyzstan,KGZ,2005,10.632
Kyrgyzstan,KGZ,2006,10.689
Kyrgyzstan,KGZ,2007,10.745999
Kyrgyzstan,KGZ,2008,10.8029995
Kyrgyzstan,KGZ,2009,10.86
Kyrgyzstan,KGZ,2010,10.959614
Kyrgyzstan,KGZ,2011,11.059229
Kyrgyzstan,KGZ,2012,11.158843
Kyrgyzstan,KGZ,2013,11.258457
Kyrgyzstan,KGZ,2014,11.358072
Kyrgyzstan,KGZ,2015,11.457686
Kyrgyzstan,KGZ,2016,11.557301
Kyrgyzstan,KGZ,2017,11.656916
Kyrgyzstan,KGZ,2018,11.75653
Kyrgyzstan,KGZ,2019,11.858758
Kyrgyzstan,KGZ,2020,11.961875
Kyrgyzstan,KGZ,2021,12.065888
Kyrgyzstan,KGZ,2022,12.065888
Lebanon,LBN,2005,7.6517177
Lebanon,LBN,2006,7.8434567
Lebanon,LBN,2007,8.04
Lebanon,LBN,2008,8.251818
Lebanon,LBN,2009,8.463636
Lebanon,LBN,2010,8.675454
Lebanon,LBN,2011,8.887273
Lebanon,LBN,2012,9.099091
Lebanon,LBN,2013,9.310909
Lebanon,LBN,2014,9.522727
Lebanon,LBN,2015,9.734546
Lebanon,LBN,2016,9.946363
Lebanon,LBN,2017,10.158182
Lebanon,LBN,2018,10.37
Lebanon,LBN,2019,10.37
Lebanon,LBN,2020,10.37
Lebanon,LBN,2021,10.37
Lebanon,LBN,2022,10.37
Malaysia,MYS,2000,8.42
Malaysia,MYS,2001,8.254
Malaysia,MYS,2002,8.088
Malaysia,MYS,2003,7.922
Malaysia,MYS,2004,7.756
Malaysia,MYS,2005,7.59
Malaysia,MYS,2006,8.0825
Malaysia,MYS,2007,8.575
Malaysia,MYS,2008,9.0675
Malaysia,MYS,2009,9.56
Malaysia,MYS,2010,9.7
Malaysia,MYS,2011,9.8116665
Malaysia,MYS,2012,9.923333
Malaysia,MYS,2013,10.035
Malaysia,MYS,2014,10.146667
Malaysia,MYS,2015,10.258333
Malaysia,MYS,2016,10.37
Malaysia,MYS,2017,10.463333
Malaysia,MYS,2018,10.556666
Malaysia,MYS,2019,10.65
Malaysia,MYS,2020,10.796666
Malaysia,MYS,2021,10.943334
Malaysia,MYS,2022,11.09
Mexico,MEX,2000,6.66
Mexico,MEX,2001,6.8174996
Mexico,MEX,2002,6.975
Mexico,MEX,2003,7.1324997
Mexico,MEX,2004,7.29
Mexico,MEX,2005,7.49
Mexico,MEX,2006,7.87
Mexico,MEX,2007,7.88
Mexico,MEX,2008,7.95
Mexico,MEX,2009,8.14
Mexico,MEX,2010,8.01
Mexico,MEX,2011,8.25
Mexico,MEX,2012,8.49
Mexico,MEX,2013,8.36
Mexico,MEX,2014,8.4
Mexico,MEX,2015,8.6
Mexico,MEX,2016,8.6
Mexico,MEX,2017,8.74
Mexico,MEX,2018,8.93
Mexico,MEX,2019,9.075
Mexico,MEX,2020,9.22
Mexico,MEX,2021,9.349511
Mexico,MEX,2022,9.349511
Mongolia,MNG,2000,9.04
Mongolia,MNG,2001,9.14
Mongolia,MNG,2002,9.24
Mongolia,MNG,2003,9.34
Mongolia,MNG,2004,9.44
Mongolia,MNG,2005,9.54
Mongolia,MNG,2006,9.64
Mongolia,MNG,2007,9.74
Mongolia,MNG,2008,9.84
Mongolia,MNG,2009,9.94
Mongolia,MNG,2010,10.04
Mongolia,MNG,2011,10.148006
Mongolia,MNG,2012,10.256013
Mongolia,MNG,2013,10.364018
Mongolia,MNG,2014,10.472025
Mongolia,MNG,2015,10.580031
Mongolia,MNG,2016,10.688038
Mongolia,MNG,2017,10.796043
Mongolia,MNG,2018,10.90405
Mongolia,MNG,2019,10.1620245
Mongolia,MNG,2020,9.42
Mongolia,MNG,2021,9.42
Mongolia,MNG,2022,9.42
Morocco,MAR,2000,3.26
Morocco,MAR,2001,3.366
Morocco,MAR,2002,3.472
Morocco,MAR,2003,3.578
Morocco,MAR,2004,3.684
Morocco,MAR,2005,3.79
Morocco,MAR,2006,3.88
Morocco,MAR,2007,3.97
Morocco,MAR,2008,4.06
Morocco,MAR,2009,4.15
Morocco,MAR,2010,4.24
Morocco,MAR,2011,4.468
Morocco,MAR,2012,4.696
Morocco,MAR,2013,4.924
Morocco,MAR,2014,5.152
Morocco,MAR,2015,5.38
Morocco,MAR,2016,5.514
Morocco,MAR,2017,5.648
Morocco,MAR,2018,5.782
Morocco,MAR,2019,5.916
Morocco,MAR,2020,6.05
Morocco,MAR,2021,6.198
Morocco,MAR,2022,6.198
Myanmar,MMR,2000,2.8332047
Myanmar,MMR,2001,2.9154592
Myanmar,MMR,2002,2.9977136
Myanmar,MMR,2003,3.0799677
Myanmar,MMR,2004,3.1622221
Myanmar,MMR,2005,3.2444766
Myanmar,MMR,2006,3.3431816
Myanmar,MMR,2007,3.441887
Myanmar,MMR,2008,3.5405922
Myanmar,MMR,2009,3.6392972
Myanmar,MMR,2010,3.7380025
Myanmar,MMR,2011,3.9372408
Myanmar,MMR,2012,4.136479
Myanmar,MMR,2013,4.335717
Myanmar,MMR,2014,4.5349555
Myanmar,MMR,2015,4.734194
Myanmar,MMR,2016,4.84935
Myanmar,MMR,2017,5.3595667
Myanmar,MMR,2018,5.8697834
Myanmar,MMR,2019,6.38
Myanmar,MMR,2020,6.38
Myanmar,MMR,2021,6.38
Myanmar,MMR,2022,6.38
Netherlands,NLD,2000,11.79
Netherlands,NLD,2001,11.79
Netherlands,NLD,2002,11.79
Netherlands,NLD,2003,11.79
Netherlands,NLD,2004,11.79
Netherlands,NLD,2005,11.79
Netherlands,NLD,2006,11.89
Netherlands,NLD,2007,11.99
Netherlands,NLD,2008,11.91
Netherlands,NLD,2009,11.94
Netherlands,NLD,2010,11.98
Netherlands,NLD,2011,11.96
Netherlands,NLD,2012,12.02
Netherlands,NLD,2013,12.07
Netherlands,NLD,2014,12.09
Netherlands,NLD,2015,12.14
Netherlands,NLD,2016,12.18
Netherlands,NLD,2017,12.25
Netherlands,NLD,2018,12.32
Netherlands,NLD,2019,12.45
Netherlands,NLD,2020,12.58
Netherlands,NLD,2021,12.669947
Netherlands,NLD,2022,12.669947
New Zealand,NZL,2000,12.8029995
New Zealand,NZL,2001,13.07
New Zealand,NZL,2002,13.12
New Zealand,NZL,2003,13.17
New Zealand,NZL,2004,13.219999
New Zealand,NZL,2005,13.2699995
New Zealand,NZL,2006,13.32
New Zealand,NZL,2007,13.334
New Zealand,NZL,2008,13.348
New Zealand,NZL,2009,13.362
New Zealand,NZL,2010,13.376
New Zealand,NZL,2011,13.39
New Zealand,NZL,2012,13.38
New Zealand,NZL,2013,13.33
New Zealand,NZL,2014,13.28
New Zealand,NZL,2015,13.23
New Zealand,NZL,2016,13.33
New Zealand,NZL,2017,13.2325
New Zealand,NZL,2018,13.134999
New Zealand,NZL,2019,13.037499
New Zealand,NZL,2020,12.94
New Zealand,NZL,2021,12.882998
New Zealand,NZL,2022,12.882998
Nicaragua,NIC,2000,6.8503585
Nicaragua,NIC,2001,6.952844
Nicaragua,NIC,2002,7.05533
Nicaragua,NIC,2003,7.1578155
Nicaragua,NIC,2004,7.260301
Nicaragua,NIC,2005,7.362787
Nicaragua,NIC,2006,7.5084243
Nicaragua,NIC,2007,7.654062
Nicaragua,NIC,2008,7.7996993
Nicaragua,NIC,2009,7.945337
Nicaragua,NIC,2010,8.090975
Nicaragua,NIC,2011,8.27437
Nicaragua,NIC,2012,8.457766
Nicaragua,NIC,2013,8.641161
Nicaragua,NIC,2014,8.824556
Nicaragua,NIC,2015,9.007952
Nicaragua,NIC,2016,9.164377
Nicaragua,NIC,2017,9.320803
Nicaragua,NIC,2018,9.477228
Nicaragua,NIC,2019,9.633654
Nicaragua,NIC,2020,9.790079
Nicaragua,NIC,2021,9.93302
Nicaragua,NIC,2022,9.93302
Nigeria,NGA,2000,4.514022
Nigeria,NGA,2001,4.6902304
Nigeria,NGA,2002,4.866439
Nigeria,NGA,2003,5.042648
Nigeria,NGA,2004,5.265448
Nigeria,NGA,2005,5.4882483
Nigeria,NGA,2006,5.711049
Nigeria,NGA,2007,5.9338493
Nigeria,NGA,2008,6.15665
Nigeria,NGA,2009,6.194741
Nigeria,NGA,2010,6.2328315
Nigeria,NGA,2011,6.270922
Nigeria,NGA,2012,6.3090134
Nigeria,NGA,2013,6.347104
Nigeria,NGA,2014,6.563106
Nigeria,NGA,2015,6.779108
Nigeria,NGA,2016,6.99511
Nigeria,NGA,2017,6.957065
Nigeria,NGA,2018,6.91902
Nigeria,NGA,2019,7.19197
Nigeria,NGA,2020,7.38897
Nigeria,NGA,2021,7.58597
Nigeria,NGA,2022,7.58597
Pakistan,PAK,2000,3.3223433
Pakistan,PAK,2001,3.5743132
Pakistan,PAK,2002,3.826283
Pakistan,PAK,2003,4.078253
Pakistan,PAK,2004,4.3302226
Pakistan,PAK,2005,4.5821924
Pakistan,PAK,2006,4.57
Pakistan,PAK,2007,4.55
Pakistan,PAK,2008,4.53
Pakistan,PAK,2009,4.52
Pakistan,PAK,2010,4.65
Pakistan,PAK,2011,4.79
Pakistan,PAK,2012,4.88
Pakistan,PAK,2013,4.96
Pakistan,PAK,2014,5.16
Pakistan,PAK,2015,5.1466665
Pakistan,PAK,2016,5.133333
Pakistan,PAK,2017,5.12
Pakistan,PAK,2018,4.77032
Pakistan,PAK,2019,4.54
Pakistan,PAK,2020,4.427089
Pakistan,PAK,2021,4.316987
Pakistan,PAK,2022,4.316987
Peru,PER,2000,8.363637
Peru,PER,2001,8.422728
Peru,PER,2002,8.481818
Peru,PER,2003,8.54091
Peru,PER,2004,8.6
Peru,PER,2005,7.92
Peru,PER,2006,7.93
Peru,PER,2007,8.19
Peru,PER,2008,8.19
Peru,PER,2009,8.22
Peru,PER,2010,8.87
Peru,PER,2011,8.89
Peru,PER,2012,9.08
Peru,PER,2013,9.14
Peru,PER,2014,9.15
Peru,PER,2015,9.09
Peru,PER,2016,9.3133335
Peru,PER,2017,9.536667
Peru,PER,2018,9.76
Peru,PER,2019,9.889816
Peru,PER,2020,10.021359
Peru,PER,2021,10.154652
Peru,PER,2022,10.154652
Philippines,PHL,2000,7.57
Philippines,PHL,2001,7.8375
Philippines,PHL,2002,8.1050005
Philippines,PHL,2003,8.3725
Philippines,PHL,2004,8.64
Philippines,PHL,2005,8.6575
Philippines,PHL,2006,8.675
Philippines,PHL,2007,8.6925
Philippines,PHL,2008,8.71
Philippines,PHL,2009,8.81
Philippines,PHL,2010,8.91
Philippines,PHL,2011,8.99
Philippines,PHL,2012,9.07
Philippines,PHL,2013,9.15
Philippines,PHL,2014,8.907499
Philippines,PHL,2015,8.665
Philippines,PHL,2016,8.422501
Philippines,PHL,2017,8.18
Philippines,PHL,2018,8.575
Philippines,PHL,2019,8.97
Philippines,PHL,2020,8.89
Philippines,PHL,2021,9.4336195
Philippines,PHL,2022,9.97724
Romania,ROU,2000,9.482
Romania,ROU,2001,9.581
Romania,ROU,2002,9.68
Romania,ROU,2003,9.862
Romania,ROU,2004,10.044001
Romania,ROU,2005,10.226
Romania,ROU,2006,10.408
Romania,ROU,2007,10.59
Romania,ROU,2008,10.67
Romania,ROU,2009,10.7
Romania,ROU,2010,10.73
Romania,ROU,2011,10.86
Romania,ROU,2012,10.96
Romania,ROU,2013,11.02
Romania,ROU,2014,10.86
Romania,ROU,2015,10.98
Romania,ROU,2016,11.08
Romania,ROU,2017,11.15
Romania,ROU,2018,11.215
Romania,ROU,2019,11.28
Romania,ROU,2020,11.39
Romania,ROU,2021,11.46
Romania,ROU,2022,11.55
Russia,RUS,2000,12.058656
Russia,RUS,2001,12.119328
Russia,RUS,2002,12.18
Russia,RUS,2003,12.200001
Russia,RUS,2004,12.22
Russia,RUS,2005,12.240001
Russia,RUS,2006,12.26
Russia,RUS,2007,12.280001
Russia,RUS,2008,12.3
Russia,RUS,2009,12.32
Russia,RUS,2010,12.34
Russia,RUS,2011,12.346364
Russia,RUS,2012,12.352727
Russia,RUS,2013,12.359091
Russia,RUS,2014,12.365455
Russia,RUS,2015,12.371819
Russia,RUS,2016,12.378181
Russia,RUS,2017,12.384545
Russia,RUS,2018,12.390909
Russia,RUS,2019,12.397273
Russia,RUS,2020,12.403636
Russia,RUS,2021,12.41
Russia,RUS,2022,12.41
Serbia,SRB,2000,7.440111
Serbia,SRB,2001,7.5700555
Serbia,SRB,2002,7.7
Serbia,SRB,2003,8.123333
Serbia,SRB,2004,8.546666
Serbia,SRB,2005,8.969999
Serbia,SRB,2006,9.393333
Serbia,SRB,2007,9.816667
Serbia,SRB,2008,10.24
Serbia,SRB,2009,10.3
Serbia,SRB,2010,10.37
Serbia,SRB,2011,10.57
Serbia,SRB,2012,10.565001
Serbia,SRB,2013,10.56
Serbia,SRB,2014,10.72
Serbia,SRB,2015,11.02
Serbia,SRB,2016,11.13
Serbia,SRB,2017,11.16
Serbia,SRB,2018,11.265
Serbia,SRB,2019,11.37
Serbia,SRB,2020,11.505057
Serbia,SRB,2021,11.641718
Serbia,SRB,2022,11.641718
Singapore,SGP,2000,9.475
Singapore,SGP,2001,9.634001
Singapore,SGP,2002,9.793
Singapore,SGP,2003,9.952001
Singapore,SGP,2004,10.111
Singapore,SGP,2005,10.27
Singapore,SGP,2006,10.11
Singapore,SGP,2007,10.21
Singapore,SGP,2008,10.49
Singapore,SGP,2009,10.5
Singapore,SGP,2010,10.94
Singapore,SGP,2011,11.0
Singapore,SGP,2012,11.02
Singapore,SGP,2013,11.15
Singapore,SGP,2014,11.22
Singapore,SGP,2015,11.37
Singapore,SGP,2016,11.38
Singapore,SGP,2017,11.34
Singapore,SGP,2018,11.56
Singapore,SGP,2019,11.68
Singapore,SGP,2020,11.76
Singapore,SGP,2021,12.08
Singapore,SGP,2022,11.99
Slovakia,SVK,2000,9.95
Slovakia,SVK,2001,10.26
Slovakia,SVK,2002,10.484
Slovakia,SVK,2003,10.708
Slovakia,SVK,2004,10.932
Slovakia,SVK,2005,11.156
Slovakia,SVK,2006,11.38
Slovakia,SVK,2007,11.604
Slovakia,SVK,2008,11.828
Slovakia,SVK,2009,12.052
Slovakia,SVK,2010,12.276
Slovakia,SVK,2011,12.5
Slovakia,SVK,2012,12.38
Slovakia,SVK,2013,12.44
Slovakia,SVK,2014,12.44
Slovakia,SVK,2015,12.64
Slovakia,SVK,2016,12.71
Slovakia,SVK,2017,12.77
Slovakia,SVK,2018,12.87
Slovakia,SVK,2019,12.91
Slovakia,SVK,2020,13.006243
Slovakia,SVK,2021,13.103204
Slovakia,SVK,2022,13.103204
South Korea,KOR,2000,10.62
South Korea,KOR,2001,10.7439995
South Korea,KOR,2002,10.868
South Korea,KOR,2003,10.992
South Korea,KOR,2004,11.116
South Korea,KOR,2005,11.24
South Korea,KOR,2006,11.1475
South Korea,KOR,2007,11.055
South Korea,KOR,2008,10.9625
South Korea,KOR,2009,10.87
South Korea,KOR,2010,11.64
South Korea,KOR,2011,11.736
South Korea,KOR,2012,11.832
South Korea,KOR,2013,11.928
South Korea,KOR,2014,12.024
South Korea,KOR,2015,12.12
South Korea,KOR,2016,12.218349
South Korea,KOR,2017,12.317497
South Korea,KOR,2018,12.417449
South Korea,KOR,2019,12.518212
South Korea,KOR,2020,12.619794
South Korea,KOR,2021,12.7221985
South Korea,KOR,2022,12.7221985
Tajikistan,TJK,2000,10.8
Tajikistan,TJK,2001,10.836471
Tajikistan,TJK,2002,10.872941
Tajikistan,TJK,2003,10.909412
Tajikistan,TJK,2004,10.945883
Tajikistan,TJK,2005,10.982353
Tajikistan,TJK,2006,11.018824
Tajikistan,TJK,2007,11.055294
Tajikistan,TJK,2008,11.091764
Tajikistan,TJK,2009,11.128236
Tajikistan,TJK,2010,11.164706
Tajikistan,TJK,2011,11.201177
Tajikistan,TJK,2012,11.237647
Tajikistan,TJK,2013,11.274117
Tajikistan,TJK,2014,11.310588
Tajikistan,TJK,2015,11.347059
Tajikistan,TJK,2016,11.38353
Tajikistan,TJK,2017,11.42
Tajikistan,TJK,2018,11.376162
Tajikistan,TJK,2019,11.332322
Tajikistan,TJK,2020,11.288484
Tajikistan,TJK,2021,11.270948
Tajikistan,TJK,2022,11.270948
Thailand,THA,2000,5.6643767
Thailand,THA,2001,6.0482826
Thailand,THA,2002,6.432188
Thailand,THA,2003,6.816094
Thailand,THA,2004,7.2
Thailand,THA,2005,7.085
Thailand,THA,2006,6.97
Thailand,THA,2007,7.1299996
Thailand,THA,2008,7.29
Thailand,THA,2009,7.4500003
Thailand,THA,2010,7.61
Thailand,THA,2011,7.71
Thailand,THA,2012,7.81
Thailand,THA,2013,7.91
Thailand,THA,2014,8.046666
Thailand,THA,2015,8.183333
Thailand,THA,2016,8.32
Thailand,THA,2017,8.344999
Thailand,THA,2018,8.37
Thailand,THA,2019,8.7
Thailand,THA,2020,8.8133335
Thailand,THA,2021,8.926666
Thailand,THA,2022,9.04
Tunisia,TUN,2000,4.9486237
Tunisia,TUN,2001,5.1203103
Tunisia,TUN,2002,5.2919974
Tunisia,TUN,2003,5.4636846
Tunisia,TUN,2004,5.635371
Tunisia,TUN,2005,5.8070583
Tunisia,TUN,2006,5.974705
Tunisia,TUN,2007,6.1423526
Tunisia,TUN,2008,6.31
Tunisia,TUN,2009,6.48
Tunisia,TUN,2010,6.65
Tunisia,TUN,2011,6.82
Tunisia,TUN,2012,6.74
Tunisia,TUN,2013,6.855
Tunisia,TUN,2014,6.97
Tunisia,TUN,2015,7.085
Tunisia,TUN,2016,7.2
Tunisia,TUN,2017,7.411305
Tunisia,TUN,2018,7.62261
Tunisia,TUN,2019,7.29
Tunisia,TUN,2020,7.39164
Tunisia,TUN,2021,7.49328
Tunisia,TUN,2022,7.59492
Turkey,TUR,2000,5.4507055
Turkey,TUR,2001,5.553029
Turkey,TUR,2002,5.6553526
Turkey,TUR,2003,5.7576766
Turkey,TUR,2004,5.86
Turkey,TUR,2005,5.97
Turkey,TUR,2006,6.06
Turkey,TUR,2007,6.14
Turkey,TUR,2008,6.4
Turkey,TUR,2009,6.57
Turkey,TUR,2010,7.09
Turkey,TUR,2011,7.36
Turkey,TUR,2012,7.49
Turkey,TUR,2013,7.63
Turkey,TUR,2014,7.8
Turkey,TUR,2015,7.96
Turkey,TUR,2016,8.1
Turkey,TUR,2017,8.27
Turkey,TUR,2018,8.45
Turkey,TUR,2019,8.63
Turkey,TUR,2020,8.806321
Turkey,TUR,2021,8.986243
Turkey,TUR,2022,8.986243
Ukraine,UKR,2000,10.842539
Ukraine,UKR,2001,10.94
Ukraine,UKR,2002,11.03746
Ukraine,UKR,2003,11.134922
Ukraine,UKR,2004,11.232383
Ukraine,UKR,2005,11.3298435
Ukraine,UKR,2006,11.366391
Ukraine,UKR,2007,11.40294
Ukraine,UKR,2008,11.439487
Ukraine,UKR,2009,11.476035
Ukraine,UKR,2010,11.512583
Ukraine,UKR,2011,11.443548
Ukraine,UKR,2012,11.374514
Ukraine,UKR,2013,11.305478
Ukraine,UKR,2014,11.2364435
Ukraine,UKR,2015,11.167409
Ukraine,UKR,2016,11.1592865
Ukraine,UKR,2017,11.151165
Ukraine,UKR,2018,11.1430435
Ukraine,UKR,2019,11.134922
Ukraine,UKR,2020,11.1268
Ukraine,UKR,2021,11.122739
Ukraine,UKR,2022,11.122739
United Kingdom,GBR,2000,10.700332
United Kingdom,GBR,2001,10.954275
United Kingdom,GBR,2002,11.208218
United Kingdom,GBR,2003,11.462161
United Kingdom,GBR,2004,11.716104
United Kingdom,GBR,2005,11.970047
United Kingdom,GBR,2006,12.250035
United Kingdom,GBR,2007,12.530024
United Kingdom,GBR,2008,12.810012
United Kingdom,GBR,2009,13.09
United Kingdom,GBR,2010,13.21
United Kingdom,GBR,2011,13.19
United Kingdom,GBR,2012,13.34
United Kingdom,GBR,2013,12.83
United Kingdom,GBR,2014,12.89
United Kingdom,GBR,2015,12.9800005
United Kingdom,GBR,2016,13.07
United Kingdom,GBR,2017,13.16
United Kingdom,GBR,2018,13.243333
United Kingdom,GBR,2019,13.326667
United Kingdom,GBR,2020,13.41
United Kingdom,GBR,2021,13.49
United Kingdom,GBR,2022,13.49
United States,USA,2000,12.96
United States,USA,2001,12.925
United States,USA,2002,12.889999
United States,USA,2003,12.855
United States,USA,2004,12.82
United States,USA,2005,12.83
United States,USA,2006,12.91
United States,USA,2007,12.95
United States,USA,2008,12.99
United States,USA,2009,13.01
United States,USA,2010,13.05
United States,USA,2011,13.1
United States,USA,2012,13.14
United States,USA,2013,13.2
United States,USA,2014,13.22
United States,USA,2015,13.25
United States,USA,2016,13.34
United States,USA,2017,13.41329
United States,USA,2018,13.5
United States,USA,2019,13.59
United States,USA,2020,13.68
United States,USA,2021,13.5755
United States,USA,2022,13.91
Uruguay,URY,2000,8.315714
Uruguay,URY,2001,8.527143
Uruguay,URY,2002,8.738571
Uruguay,URY,2003,8.95
Uruguay,URY,2004,8.633333
Uruguay,URY,2005,8.316667
Uruguay,URY,2006,8.0
Uruguay,URY,2007,8.185
Uruguay,URY,2008,8.37
Uruguay,URY,2009,8.37
Uruguay,URY,2010,8.33
Uruguay,URY,2011,8.4
Uruguay,URY,2012,8.48
Uruguay,URY,2013,8.52
Uruguay,URY,2014,8.61
Uruguay,URY,2015,8.67
Uruguay,URY,2016,8.7
Uruguay,URY,2017,8.83
Uruguay,URY,2018,8.91
Uruguay,URY,2019,8.98
Uruguay,URY,2020,9.5
Uruguay,URY,2021,10.0199995
Uruguay,URY,2022,10.54
Uzbekistan,UZB,2000,10.061572
Uzbekistan,UZB,2001,10.14974
Uzbekistan,UZB,2002,10.238681
Uzbekistan,UZB,2003,10.328402
Uzbekistan,UZB,2004,10.418908
Uzbekistan,UZB,2005,10.510207
Uzbekistan,UZB,2006,10.602306
Uzbekistan,UZB,2007,10.695213
Uzbekistan,UZB,2008,10.788934
Uzbekistan,UZB,2009,10.883475
Uzbekistan,UZB,2010,10.978846
Uzbekistan,UZB,2011,11.075052
Uzbekistan,UZB,2012,11.172101
Uzbekistan,UZB,2013,11.27
Uzbekistan,UZB,2014,11.34
Uzbekistan,UZB,2015,11.36
Uzbekistan,UZB,2016,11.67
Uzbekistan,UZB,2017,11.72
Uzbekistan,UZB,2018,11.77
Uzbekistan,UZB,2019,11.9
Uzbekistan,UZB,2020,11.89
Uzbekistan,UZB,2021,11.88
Uzbekistan,UZB,2022,11.91
Vietnam,VNM,2000,5.6383553
Vietnam,VNM,2001,5.850574
Vietnam,VNM,2002,6.0627923
Vietnam,VNM,2003,6.275011
Vietnam,VNM,2004,6.4872293
Vietnam,VNM,2005,6.699448
Vietnam,VNM,2006,6.909586
Vietnam,VNM,2007,7.119724
Vietnam,VNM,2008,7.329862
Vietnam,VNM,2009,7.54
Vietnam,VNM,2010,7.63
Vietnam,VNM,2011,7.72
Vietnam,VNM,2012,7.81
Vietnam,VNM,2013,7.8999996
Vietnam,VNM,2014,7.99
Vietnam,VNM,2015,8.08
Vietnam,VNM,2016,8.17
Vietnam,VNM,2017,8.259999
Vietnam,VNM,2018,8.349999
Vietnam,VNM,2019,8.44
Vietnam,VNM,2020,8.62
Vietnam,VNM,2021,8.799999
Vietnam,VNM,2022,8.98
