Country,ISO3,Year,Education_perGDP
Andorra,AND,2000,
Andorra,AND,2001,
Andorra,AND,2002,1.65971
Andorra,AND,2003,
Andorra,AND,2004,1.54412
Andorra,AND,2005,1.64497
Andorra,AND,2006,2.2449
Andorra,AND,2007,2.10469
Andorra,AND,2008,2.87393
Andorra,AND,2009,3.14292
Andorra,AND,2010,2.97663
Andorra,AND,2011,2.98706
Andorra,AND,2012,
Andorra,AND,2013,2.50616
Andorra,AND,2014,3.07421
Andorra,AND,2015,3.28035
Andorra,AND,2016,3.23707
Andorra,AND,2017,3.21709
Andorra,AND,2018,3.24672
Andorra,AND,2019,3.15162
Andorra,AND,2020,
Argentina,ARG,2000,4.58031
Argentina,ARG,2001,4.83374
Argentina,ARG,2002,4.01734
Argentina,ARG,2003,3.53505
Argentina,ARG,2004,3.48652
Argentina,ARG,2005,3.86001
Argentina,ARG,2006,4.12821
Argentina,ARG,2007,4.4626
Argentina,ARG,2008,4.84441
Argentina,ARG,2009,5.53105
Argentina,ARG,2010,5.01971
Argentina,ARG,2011,5.29063
Argentina,ARG,2012,5.34583
Argentina,ARG,2013,5.43661
Argentina,ARG,2014,5.36144
Argentina,ARG,2015,5.77611
Argentina,ARG,2016,5.54549
Argentina,ARG,2017,5.46223
Argentina,ARG,2018,
Argentina,ARG,2019,
Argentina,ARG,2020,
Armenia,ARM,2000,2.77273
Armenia,ARM,2001,2.46944
Armenia,ARM,2002,2.13504
Armenia,ARM,2003,2.14504
Armenia,ARM,2004,2.48673
Armenia,ARM,2005,2.71203
Armenia,ARM,2006,2.71577
Armenia,ARM,2007,3.01894
Armenia,ARM,2008,3.17273
Armenia,ARM,2009,3.84079
Armenia,ARM,2010,3.249
Armenia,ARM,2011,3.14385
Armenia,ARM,2012,2.77248
Armenia,ARM,2013,2.65018
Armenia,ARM,2014,2.24724
Armenia,ARM,2015,2.80591
Armenia,ARM,2016,2.75812
Armenia,ARM,2017,2.70759
Armenia,ARM,2018,
Armenia,ARM,2019,
Armenia,ARM,2020,
Australia,AUS,2000,4.89147
Australia,AUS,2001,
Australia,AUS,2002,
Australia,AUS,2003,
Australia,AUS,2004,
Australia,AUS,2005,4.9103
Australia,AUS,2006,4.7502
Australia,AUS,2007,4.66089
Australia,AUS,2008,4.63776
Australia,AUS,2009,5.08582
Australia,AUS,2010,5.55006
Australia,AUS,2011,5.07451
Australia,AUS,2012,4.869
Australia,AUS,2013,5.22974
Australia,AUS,2014,5.16477
Australia,AUS,2015,5.31127
Australia,AUS,2016,5.27678
Australia,AUS,2017,5.12425
Australia,AUS,2018,
Australia,AUS,2019,
Australia,AUS,2020,
Bangladesh,BGD,2000,2.12508
Bangladesh,BGD,2001,2.17193
Bangladesh,BGD,2002,2.01715
Bangladesh,BGD,2003,2.06939
Bangladesh,BGD,2004,1.94014
Bangladesh,BGD,2005,
Bangladesh,BGD,2006,2.13129
Bangladesh,BGD,2007,2.20222
Bangladesh,BGD,2008,2.05457
Bangladesh,BGD,2009,1.93942
Bangladesh,BGD,2010,
Bangladesh,BGD,2011,2.1327
Bangladesh,BGD,2012,2.1755
Bangladesh,BGD,2013,1.96616
Bangladesh,BGD,2014,
Bangladesh,BGD,2015,
Bangladesh,BGD,2016,1.53554
Bangladesh,BGD,2017,
Bangladesh,BGD,2018,
Bangladesh,BGD,2019,1.32632
Bangladesh,BGD,2020,
Bolivia,BOL,2000,
Bolivia,BOL,2001,
Bolivia,BOL,2002,
Bolivia,BOL,2003,
Bolivia,BOL,2004,
Bolivia,BOL,2005,
Bolivia,BOL,2006,
Bolivia,BOL,2007,
Bolivia,BOL,2008,
Bolivia,BOL,2009,
Bolivia,BOL,2010,
Bolivia,BOL,2011,
Bolivia,BOL,2012,
Bolivia,BOL,2013,
Bolivia,BOL,2014,
Bolivia,BOL,2015,
Bolivia,BOL,2016,
Bolivia,BOL,2017,
Bolivia,BOL,2018,
Bolivia,BOL,2019,
Bolivia,BOL,2020,
Brazil,BRA,2000,3.94893
Brazil,BRA,2001,3.84468
Brazil,BRA,2002,3.75037
Brazil,BRA,2003,
Brazil,BRA,2004,3.97448
Brazil,BRA,2005,4.47908
Brazil,BRA,2006,4.8706
Brazil,BRA,2007,4.97426
Brazil,BRA,2008,5.26884
Brazil,BRA,2009,5.46355
Brazil,BRA,2010,5.6488
Brazil,BRA,2011,5.73741
Brazil,BRA,2012,5.8551
Brazil,BRA,2013,5.83885
Brazil,BRA,2014,5.94848
Brazil,BRA,2015,6.24106
Brazil,BRA,2016,6.31404
Brazil,BRA,2017,6.32255
Brazil,BRA,2018,
Brazil,BRA,2019,
Brazil,BRA,2020,
Canada,CAN,2000,5.442
Canada,CAN,2001,4.96956
Canada,CAN,2002,5.01073
Canada,CAN,2003,
Canada,CAN,2004,
Canada,CAN,2005,4.78215
Canada,CAN,2006,
Canada,CAN,2007,4.78036
Canada,CAN,2008,4.63826
Canada,CAN,2009,4.85264
Canada,CAN,2010,5.36993
Canada,CAN,2011,5.27444
Canada,CAN,2012,
Canada,CAN,2013,
Canada,CAN,2014,
Canada,CAN,2015,
Canada,CAN,2016,
Canada,CAN,2017,
Canada,CAN,2018,
Canada,CAN,2019,
Canada,CAN,2020,
Chile,CHL,2000,3.77583
Chile,CHL,2001,
Chile,CHL,2002,4.08121
Chile,CHL,2003,3.96346
Chile,CHL,2004,3.53839
Chile,CHL,2005,3.26283
Chile,CHL,2006,3.02153
Chile,CHL,2007,3.21379
Chile,CHL,2008,3.79243
Chile,CHL,2009,4.23065
Chile,CHL,2010,4.16209
Chile,CHL,2011,4.04519
Chile,CHL,2012,
Chile,CHL,2013,4.52943
Chile,CHL,2014,4.73095
Chile,CHL,2015,4.87531
Chile,CHL,2016,5.34201
Chile,CHL,2017,5.41946
Chile,CHL,2018,
Chile,CHL,2019,
Chile,CHL,2020,
China,CHN,2000,
China,CHN,2001,
China,CHN,2002,
China,CHN,2003,
China,CHN,2004,
China,CHN,2005,
China,CHN,2006,
China,CHN,2007,
China,CHN,2008,
China,CHN,2009,
China,CHN,2010,
China,CHN,2011,
China,CHN,2012,
China,CHN,2013,
China,CHN,2014,
China,CHN,2015,
China,CHN,2016,
China,CHN,2017,
China,CHN,2018,
China,CHN,2019,
China,CHN,2020,
Colombia,COL,2000,3.51121
Colombia,COL,2001,3.70868
Colombia,COL,2002,4.26813
Colombia,COL,2003,4.32514
Colombia,COL,2004,4.07935
Colombia,COL,2005,4.02099
Colombia,COL,2006,3.91672
Colombia,COL,2007,4.08301
Colombia,COL,2008,3.93878
Colombia,COL,2009,4.77652
Colombia,COL,2010,4.83383
Colombia,COL,2011,4.46608
Colombia,COL,2012,4.37039
Colombia,COL,2013,4.87855
Colombia,COL,2014,4.62946
Colombia,COL,2015,4.47039
Colombia,COL,2016,4.47721
Colombia,COL,2017,4.53551
Colombia,COL,2018,4.45749
Colombia,COL,2019,
Colombia,COL,2020,
Cyprus,CYP,2000,4.98954
Cyprus,CYP,2001,5.11552
Cyprus,CYP,2002,5.58167
Cyprus,CYP,2003,6.67023
Cyprus,CYP,2004,6.11772
Cyprus,CYP,2005,6.28667
Cyprus,CYP,2006,6.33027
Cyprus,CYP,2007,6.28083
Cyprus,CYP,2008,6.72276
Cyprus,CYP,2009,7.20545
Cyprus,CYP,2010,6.5428
Cyprus,CYP,2011,6.53854
Cyprus,CYP,2012,
Cyprus,CYP,2013,6.48378
Cyprus,CYP,2014,6.4485
Cyprus,CYP,2015,6.34636
Cyprus,CYP,2016,6.1638
Cyprus,CYP,2017,5.77719
Cyprus,CYP,2018,
Cyprus,CYP,2019,
Cyprus,CYP,2020,
Czechia,CZE,2000,3.65089
Czechia,CZE,2001,3.74855
Czechia,CZE,2002,3.97256
Czechia,CZE,2003,4.13643
Czechia,CZE,2004,4.01424
Czechia,CZE,2005,3.89038
Czechia,CZE,2006,4.2171
Czechia,CZE,2007,3.86663
Czechia,CZE,2008,3.74455
Czechia,CZE,2009,4.17128
Czechia,CZE,2010,4.06446
Czechia,CZE,2011,4.27214
Czechia,CZE,2012,4.25086
Czechia,CZE,2013,4.09089
Czechia,CZE,2014,3.99462
Czechia,CZE,2015,5.78885
Czechia,CZE,2016,5.58738
Czechia,CZE,2017,3.85402
Czechia,CZE,2018,
Czechia,CZE,2019,
Czechia,CZE,2020,
Ecuador,ECU,2000,1.15093
Ecuador,ECU,2001,
Ecuador,ECU,2002,
Ecuador,ECU,2003,
Ecuador,ECU,2004,
Ecuador,ECU,2005,
Ecuador,ECU,2006,
Ecuador,ECU,2007,
Ecuador,ECU,2008,
Ecuador,ECU,2009,4.34242
Ecuador,ECU,2010,4.50743
Ecuador,ECU,2011,4.72689
Ecuador,ECU,2012,4.64307
Ecuador,ECU,2013,5.00464
Ecuador,ECU,2014,5.26099
Ecuador,ECU,2015,4.9987
Ecuador,ECU,2016,
Ecuador,ECU,2017,
Ecuador,ECU,2018,
Ecuador,ECU,2019,
Ecuador,ECU,2020,
"Egypt, Arab Rep.",EGY,2000,
"Egypt, Arab Rep.",EGY,2001,
"Egypt, Arab Rep.",EGY,2002,
"Egypt, Arab Rep.",EGY,2003,4.94563
"Egypt, Arab Rep.",EGY,2004,4.67072
"Egypt, Arab Rep.",EGY,2005,4.79443
"Egypt, Arab Rep.",EGY,2006,4.00178
"Egypt, Arab Rep.",EGY,2007,3.68461
"Egypt, Arab Rep.",EGY,2008,3.76083
"Egypt, Arab Rep.",EGY,2009,
"Egypt, Arab Rep.",EGY,2010,
"Egypt, Arab Rep.",EGY,2011,
"Egypt, Arab Rep.",EGY,2012,
"Egypt, Arab Rep.",EGY,2013,
"Egypt, Arab Rep.",EGY,2014,
"Egypt, Arab Rep.",EGY,2015,
"Egypt, Arab Rep.",EGY,2016,
"Egypt, Arab Rep.",EGY,2017,
"Egypt, Arab Rep.",EGY,2018,
"Egypt, Arab Rep.",EGY,2019,
"Egypt, Arab Rep.",EGY,2020,
Ethiopia,ETH,2000,3.98311
Ethiopia,ETH,2001,3.70029
Ethiopia,ETH,2002,3.63245
Ethiopia,ETH,2003,
Ethiopia,ETH,2004,
Ethiopia,ETH,2005,
Ethiopia,ETH,2006,5.49096
Ethiopia,ETH,2007,5.45113
Ethiopia,ETH,2008,5.4082
Ethiopia,ETH,2009,4.42207
Ethiopia,ETH,2010,4.49659
Ethiopia,ETH,2011,5.48576
Ethiopia,ETH,2012,5.56678
Ethiopia,ETH,2013,4.49855
Ethiopia,ETH,2014,4.60202
Ethiopia,ETH,2015,4.73792
Ethiopia,ETH,2016,
Ethiopia,ETH,2017,
Ethiopia,ETH,2018,
Ethiopia,ETH,2019,
Ethiopia,ETH,2020,
Germany,DEU,2000,
Germany,DEU,2001,
Germany,DEU,2002,
Germany,DEU,2003,
Germany,DEU,2004,
Germany,DEU,2005,
Germany,DEU,2006,4.29396
Germany,DEU,2007,4.3668
Germany,DEU,2008,4.43595
Germany,DEU,2009,4.90951
Germany,DEU,2010,4.94368
Germany,DEU,2011,4.82487
Germany,DEU,2012,4.95658
Germany,DEU,2013,4.96111
Germany,DEU,2014,4.93962
Germany,DEU,2015,4.83498
Germany,DEU,2016,4.84022
Germany,DEU,2017,4.90512
Germany,DEU,2018,
Germany,DEU,2019,
Germany,DEU,2020,
Greece,GRC,2000,3.23019
Greece,GRC,2001,3.36458
Greece,GRC,2002,3.42431
Greece,GRC,2003,3.42934
Greece,GRC,2004,3.66719
Greece,GRC,2005,3.96396
Greece,GRC,2006,
Greece,GRC,2007,
Greece,GRC,2008,
Greece,GRC,2009,
Greece,GRC,2010,
Greece,GRC,2011,
Greece,GRC,2012,
Greece,GRC,2013,
Greece,GRC,2014,
Greece,GRC,2015,
Greece,GRC,2016,
Greece,GRC,2017,
Greece,GRC,2018,
Greece,GRC,2019,
Greece,GRC,2020,
Guatemala,GTM,2000,
Guatemala,GTM,2001,
Guatemala,GTM,2002,
Guatemala,GTM,2003,
Guatemala,GTM,2004,
Guatemala,GTM,2005,
Guatemala,GTM,2006,2.98401
Guatemala,GTM,2007,3.03874
Guatemala,GTM,2008,3.18454
Guatemala,GTM,2009,
Guatemala,GTM,2010,2.80306
Guatemala,GTM,2011,2.92014
Guatemala,GTM,2012,2.95786
Guatemala,GTM,2013,2.88809
Guatemala,GTM,2014,2.98562
Guatemala,GTM,2015,3.03033
Guatemala,GTM,2016,2.94474
Guatemala,GTM,2017,2.95182
Guatemala,GTM,2018,3.14093
Guatemala,GTM,2019,3.2122
Guatemala,GTM,2020,
"Hong Kong SAR, China",HKG,2000,
"Hong Kong SAR, China",HKG,2001,3.9037
"Hong Kong SAR, China",HKG,2002,4.01554
"Hong Kong SAR, China",HKG,2003,4.2853
"Hong Kong SAR, China",HKG,2004,4.55896
"Hong Kong SAR, China",HKG,2005,4.13463
"Hong Kong SAR, China",HKG,2006,3.84279
"Hong Kong SAR, China",HKG,2007,3.45455
"Hong Kong SAR, China",HKG,2008,3.26063
"Hong Kong SAR, China",HKG,2009,4.39213
"Hong Kong SAR, China",HKG,2010,3.51003
"Hong Kong SAR, China",HKG,2011,3.41822
"Hong Kong SAR, China",HKG,2012,3.50961
"Hong Kong SAR, China",HKG,2013,3.76032
"Hong Kong SAR, China",HKG,2014,3.57255
"Hong Kong SAR, China",HKG,2015,3.26212
"Hong Kong SAR, China",HKG,2016,3.29265
"Hong Kong SAR, China",HKG,2017,3.3101
"Hong Kong SAR, China",HKG,2018,3.32652
"Hong Kong SAR, China",HKG,2019,3.81058
"Hong Kong SAR, China",HKG,2020,
India,IND,2000,4.32479
India,IND,2001,
India,IND,2002,
India,IND,2003,3.61341
India,IND,2004,3.35254
India,IND,2005,3.18875
India,IND,2006,3.14285
India,IND,2007,
India,IND,2008,
India,IND,2009,3.27825
India,IND,2010,3.37769
India,IND,2011,3.79618
India,IND,2012,3.8675
India,IND,2013,3.84467
India,IND,2014,
India,IND,2015,
India,IND,2016,
India,IND,2017,
India,IND,2018,
India,IND,2019,
India,IND,2020,
Indonesia,IDN,2000,
Indonesia,IDN,2001,2.46003
Indonesia,IDN,2002,2.64569
Indonesia,IDN,2003,3.218
Indonesia,IDN,2004,2.74847
Indonesia,IDN,2005,2.87282
Indonesia,IDN,2006,
Indonesia,IDN,2007,3.04425
Indonesia,IDN,2008,2.9019
Indonesia,IDN,2009,3.52513
Indonesia,IDN,2010,2.81228
Indonesia,IDN,2011,3.18944
Indonesia,IDN,2012,3.40748
Indonesia,IDN,2013,3.35904
Indonesia,IDN,2014,3.28801
Indonesia,IDN,2015,3.5836
Indonesia,IDN,2016,
Indonesia,IDN,2017,
Indonesia,IDN,2018,
Indonesia,IDN,2019,
Indonesia,IDN,2020,
"Iran, Islamic Rep.",IRN,2000,4.03064
"Iran, Islamic Rep.",IRN,2001,4.07168
"Iran, Islamic Rep.",IRN,2002,4.48488
"Iran, Islamic Rep.",IRN,2003,4.36322
"Iran, Islamic Rep.",IRN,2004,4.29663
"Iran, Islamic Rep.",IRN,2005,4.05651
"Iran, Islamic Rep.",IRN,2006,4.28999
"Iran, Islamic Rep.",IRN,2007,4.59681
"Iran, Islamic Rep.",IRN,2008,3.91376
"Iran, Islamic Rep.",IRN,2009,3.84245
"Iran, Islamic Rep.",IRN,2010,3.70918
"Iran, Islamic Rep.",IRN,2011,3.48497
"Iran, Islamic Rep.",IRN,2012,3.16859
"Iran, Islamic Rep.",IRN,2013,3.06795
"Iran, Islamic Rep.",IRN,2014,2.80135
"Iran, Islamic Rep.",IRN,2015,2.79739
"Iran, Islamic Rep.",IRN,2016,3.36576
"Iran, Islamic Rep.",IRN,2017,3.7904
"Iran, Islamic Rep.",IRN,2018,3.95536
"Iran, Islamic Rep.",IRN,2019,
"Iran, Islamic Rep.",IRN,2020,
Iraq,IRQ,2000,
Iraq,IRQ,2001,
Iraq,IRQ,2002,
Iraq,IRQ,2003,
Iraq,IRQ,2004,
Iraq,IRQ,2005,
Iraq,IRQ,2006,
Iraq,IRQ,2007,
Iraq,IRQ,2008,
Iraq,IRQ,2009,
Iraq,IRQ,2010,
Iraq,IRQ,2011,
Iraq,IRQ,2012,
Iraq,IRQ,2013,
Iraq,IRQ,2014,
Iraq,IRQ,2015,
Iraq,IRQ,2016,
Iraq,IRQ,2017,
Iraq,IRQ,2018,
Iraq,IRQ,2019,
Iraq,IRQ,2020,
Ireland,IRL,2000,4.13664
Ireland,IRL,2001,4.09187
Ireland,IRL,2002,4.10604
Ireland,IRL,2003,4.20554
Ireland,IRL,2004,4.4863
Ireland,IRL,2005,4.52216
Ireland,IRL,2006,4.54551
Ireland,IRL,2007,4.71224
Ireland,IRL,2008,5.44415
Ireland,IRL,2009,6.13509
Ireland,IRL,2010,6.03804
Ireland,IRL,2011,5.85826
Ireland,IRL,2012,5.76573
Ireland,IRL,2013,5.33461
Ireland,IRL,2014,4.88139
Ireland,IRL,2015,3.75829
Ireland,IRL,2016,3.71973
Ireland,IRL,2017,3.50686
Ireland,IRL,2018,
Ireland,IRL,2019,
Ireland,IRL,2020,
Japan,JPN,2000,3.51617
Japan,JPN,2001,3.45707
Japan,JPN,2002,3.46537
Japan,JPN,2003,3.52369
Japan,JPN,2004,3.48307
Japan,JPN,2005,3.36862
Japan,JPN,2006,3.32909
Japan,JPN,2007,3.33094
Japan,JPN,2008,3.31915
Japan,JPN,2009,
Japan,JPN,2010,3.6395
Japan,JPN,2011,3.64258
Japan,JPN,2012,3.69226
Japan,JPN,2013,3.66538
Japan,JPN,2014,3.59059
Japan,JPN,2015,
Japan,JPN,2016,3.18618
Japan,JPN,2017,3.18218
Japan,JPN,2018,
Japan,JPN,2019,
Japan,JPN,2020,
Jordan,JOR,2000,
Jordan,JOR,2001,
Jordan,JOR,2002,
Jordan,JOR,2003,
Jordan,JOR,2004,
Jordan,JOR,2005,
Jordan,JOR,2006,
Jordan,JOR,2007,
Jordan,JOR,2008,
Jordan,JOR,2009,
Jordan,JOR,2010,
Jordan,JOR,2011,
Jordan,JOR,2012,
Jordan,JOR,2013,
Jordan,JOR,2014,
Jordan,JOR,2015,
Jordan,JOR,2016,3.51412
Jordan,JOR,2017,3.28405
Jordan,JOR,2018,3.03435
Jordan,JOR,2019,3.07253
Jordan,JOR,2020,
Kazakhstan,KAZ,2000,3.25662
Kazakhstan,KAZ,2001,
Kazakhstan,KAZ,2002,3.0297
Kazakhstan,KAZ,2003,
Kazakhstan,KAZ,2004,2.25591
Kazakhstan,KAZ,2005,2.26353
Kazakhstan,KAZ,2006,2.62678
Kazakhstan,KAZ,2007,2.83139
Kazakhstan,KAZ,2008,2.58946
Kazakhstan,KAZ,2009,3.06072
Kazakhstan,KAZ,2010,
Kazakhstan,KAZ,2011,
Kazakhstan,KAZ,2012,
Kazakhstan,KAZ,2013,
Kazakhstan,KAZ,2014,
Kazakhstan,KAZ,2015,2.78858
Kazakhstan,KAZ,2016,2.9781
Kazakhstan,KAZ,2017,2.75082
Kazakhstan,KAZ,2018,2.61595
Kazakhstan,KAZ,2019,
Kazakhstan,KAZ,2020,
Kenya,KEN,2000,5.18673
Kenya,KEN,2001,5.20621
Kenya,KEN,2002,6.172
Kenya,KEN,2003,6.49427
Kenya,KEN,2004,6.79693
Kenya,KEN,2005,7.33565
Kenya,KEN,2006,7.04984
Kenya,KEN,2007,
Kenya,KEN,2008,
Kenya,KEN,2009,
Kenya,KEN,2010,5.50822
Kenya,KEN,2011,5.33529
Kenya,KEN,2012,5.50904
Kenya,KEN,2013,5.41138
Kenya,KEN,2014,5.28021
Kenya,KEN,2015,5.27134
Kenya,KEN,2016,5.36267
Kenya,KEN,2017,5.36668
Kenya,KEN,2018,5.30625
Kenya,KEN,2019,
Kenya,KEN,2020,
"Korea, Rep.",KOR,2000,
"Korea, Rep.",KOR,2001,
"Korea, Rep.",KOR,2002,
"Korea, Rep.",KOR,2003,
"Korea, Rep.",KOR,2004,
"Korea, Rep.",KOR,2005,
"Korea, Rep.",KOR,2006,
"Korea, Rep.",KOR,2007,
"Korea, Rep.",KOR,2008,
"Korea, Rep.",KOR,2009,
"Korea, Rep.",KOR,2010,
"Korea, Rep.",KOR,2011,
"Korea, Rep.",KOR,2012,
"Korea, Rep.",KOR,2013,
"Korea, Rep.",KOR,2014,
"Korea, Rep.",KOR,2015,
"Korea, Rep.",KOR,2016,4.3331
"Korea, Rep.",KOR,2017,
"Korea, Rep.",KOR,2018,
"Korea, Rep.",KOR,2019,
"Korea, Rep.",KOR,2020,
Kyrgyz Republic,KGZ,2000,3.50839
Kyrgyz Republic,KGZ,2001,3.85418
Kyrgyz Republic,KGZ,2002,4.44546
Kyrgyz Republic,KGZ,2003,4.47542
Kyrgyz Republic,KGZ,2004,4.62244
Kyrgyz Republic,KGZ,2005,4.87384
Kyrgyz Republic,KGZ,2006,5.54986
Kyrgyz Republic,KGZ,2007,6.467
Kyrgyz Republic,KGZ,2008,5.91319
Kyrgyz Republic,KGZ,2009,6.23268
Kyrgyz Republic,KGZ,2010,5.81883
Kyrgyz Republic,KGZ,2011,6.79062
Kyrgyz Republic,KGZ,2012,7.38423
Kyrgyz Republic,KGZ,2013,6.7802
Kyrgyz Republic,KGZ,2014,5.5316
Kyrgyz Republic,KGZ,2015,5.98551
Kyrgyz Republic,KGZ,2016,6.58615
Kyrgyz Republic,KGZ,2017,6.02619
Kyrgyz Republic,KGZ,2018,
Kyrgyz Republic,KGZ,2019,
Kyrgyz Republic,KGZ,2020,
Lebanon,LBN,2000,
Lebanon,LBN,2001,2.84148
Lebanon,LBN,2002,2.55271
Lebanon,LBN,2003,
Lebanon,LBN,2004,2.64095
Lebanon,LBN,2005,2.64619
Lebanon,LBN,2006,2.77976
Lebanon,LBN,2007,2.58357
Lebanon,LBN,2008,2.01479
Lebanon,LBN,2009,1.76571
Lebanon,LBN,2010,1.61331
Lebanon,LBN,2011,1.65252
Lebanon,LBN,2012,2.14809
Lebanon,LBN,2013,2.43245
Lebanon,LBN,2014,
Lebanon,LBN,2015,
Lebanon,LBN,2016,
Lebanon,LBN,2017,
Lebanon,LBN,2018,
Lebanon,LBN,2019,
Lebanon,LBN,2020,
Libya,LBY,2000,
Libya,LBY,2001,
Libya,LBY,2002,
Libya,LBY,2003,
Libya,LBY,2004,
Libya,LBY,2005,
Libya,LBY,2006,
Libya,LBY,2007,
Libya,LBY,2008,
Libya,LBY,2009,
Libya,LBY,2010,
Libya,LBY,2011,
Libya,LBY,2012,
Libya,LBY,2013,
Libya,LBY,2014,
Libya,LBY,2015,
Libya,LBY,2016,
Libya,LBY,2017,
Libya,LBY,2018,
Libya,LBY,2019,
Libya,LBY,2020,
Malaysia,MYS,2000,5.97161
Malaysia,MYS,2001,7.48447
Malaysia,MYS,2002,7.65793
Malaysia,MYS,2003,7.50288
Malaysia,MYS,2004,5.92389
Malaysia,MYS,2005,
Malaysia,MYS,2006,4.48576
Malaysia,MYS,2007,4.37254
Malaysia,MYS,2008,3.95852
Malaysia,MYS,2009,5.97418
Malaysia,MYS,2010,4.96645
Malaysia,MYS,2011,5.76294
Malaysia,MYS,2012,5.73903
Malaysia,MYS,2013,5.4812
Malaysia,MYS,2014,5.21264
Malaysia,MYS,2015,4.89487
Malaysia,MYS,2016,4.75191
Malaysia,MYS,2017,4.67757
Malaysia,MYS,2018,4.48126
Malaysia,MYS,2019,4.16319
Malaysia,MYS,2020,
Maldives,MDV,2000,
Maldives,MDV,2001,
Maldives,MDV,2002,5.79186
Maldives,MDV,2003,5.32407
Maldives,MDV,2004,4.6616
Maldives,MDV,2005,5.01684
Maldives,MDV,2006,4.64524
Maldives,MDV,2007,4.41788
Maldives,MDV,2008,4.47029
Maldives,MDV,2009,5.77493
Maldives,MDV,2010,4.11747
Maldives,MDV,2011,3.5066
Maldives,MDV,2012,3.76038
Maldives,MDV,2013,3.80012
Maldives,MDV,2014,3.47046
Maldives,MDV,2015,4.36655
Maldives,MDV,2016,4.09971
Maldives,MDV,2017,
Maldives,MDV,2018,
Maldives,MDV,2019,
Maldives,MDV,2020,
Mexico,MEX,2000,3.99244
Mexico,MEX,2001,4.24104
Mexico,MEX,2002,4.45496
Mexico,MEX,2003,5.07258
Mexico,MEX,2004,4.72671
Mexico,MEX,2005,4.84569
Mexico,MEX,2006,4.69992
Mexico,MEX,2007,4.69051
Mexico,MEX,2008,4.82007
Mexico,MEX,2009,5.18794
Mexico,MEX,2010,5.15922
Mexico,MEX,2011,5.10565
Mexico,MEX,2012,5.1031
Mexico,MEX,2013,4.69605
Mexico,MEX,2014,5.26062
Mexico,MEX,2015,5.23524
Mexico,MEX,2016,4.90949
Mexico,MEX,2017,4.52282
Mexico,MEX,2018,
Mexico,MEX,2019,
Mexico,MEX,2020,
Mongolia,MNG,2000,5.55037
Mongolia,MNG,2001,
Mongolia,MNG,2002,7.21078
Mongolia,MNG,2003,
Mongolia,MNG,2004,4.32573
Mongolia,MNG,2005,
Mongolia,MNG,2006,
Mongolia,MNG,2007,4.69013
Mongolia,MNG,2008,
Mongolia,MNG,2009,5.14485
Mongolia,MNG,2010,4.6451
Mongolia,MNG,2011,4.60903
Mongolia,MNG,2012,5.19521
Mongolia,MNG,2013,4.94077
Mongolia,MNG,2014,4.71485
Mongolia,MNG,2015,4.17699
Mongolia,MNG,2016,5.18061
Mongolia,MNG,2017,4.08859
Mongolia,MNG,2018,
Mongolia,MNG,2019,
Mongolia,MNG,2020,
Morocco,MAR,2000,
Morocco,MAR,2001,
Morocco,MAR,2002,
Morocco,MAR,2003,
Morocco,MAR,2004,
Morocco,MAR,2005,
Morocco,MAR,2006,
Morocco,MAR,2007,
Morocco,MAR,2008,5.34215
Morocco,MAR,2009,5.26064
Morocco,MAR,2010,
Morocco,MAR,2011,
Morocco,MAR,2012,
Morocco,MAR,2013,
Morocco,MAR,2014,
Morocco,MAR,2015,
Morocco,MAR,2016,
Morocco,MAR,2017,
Morocco,MAR,2018,
Morocco,MAR,2019,
Morocco,MAR,2020,
Myanmar,MMR,2000,
Myanmar,MMR,2001,
Myanmar,MMR,2002,
Myanmar,MMR,2003,
Myanmar,MMR,2004,
Myanmar,MMR,2005,
Myanmar,MMR,2006,
Myanmar,MMR,2007,
Myanmar,MMR,2008,
Myanmar,MMR,2009,
Myanmar,MMR,2010,
Myanmar,MMR,2011,0.78744
Myanmar,MMR,2012,
Myanmar,MMR,2013,
Myanmar,MMR,2014,
Myanmar,MMR,2015,
Myanmar,MMR,2016,
Myanmar,MMR,2017,2.08768
Myanmar,MMR,2018,1.92289
Myanmar,MMR,2019,1.93208
Myanmar,MMR,2020,
Netherlands,NLD,2000,4.58512
Netherlands,NLD,2001,4.69965
Netherlands,NLD,2002,4.8059
Netherlands,NLD,2003,5.04042
Netherlands,NLD,2004,5.06297
Netherlands,NLD,2005,5.1094
Netherlands,NLD,2006,5.04402
Netherlands,NLD,2007,4.88683
Netherlands,NLD,2008,5.02905
Netherlands,NLD,2009,5.43156
Netherlands,NLD,2010,5.48909
Netherlands,NLD,2011,5.46304
Netherlands,NLD,2012,5.41022
Netherlands,NLD,2013,5.52656
Netherlands,NLD,2014,5.4589
Netherlands,NLD,2015,5.34816
Netherlands,NLD,2016,5.4796
Netherlands,NLD,2017,5.1751
Netherlands,NLD,2018,
Netherlands,NLD,2019,
Netherlands,NLD,2020,
New Zealand,NZL,2000,
New Zealand,NZL,2001,6.56049
New Zealand,NZL,2002,6.40699
New Zealand,NZL,2003,6.43753
New Zealand,NZL,2004,6.51203
New Zealand,NZL,2005,6.27896
New Zealand,NZL,2006,5.95276
New Zealand,NZL,2007,5.91594
New Zealand,NZL,2008,5.50617
New Zealand,NZL,2009,6.28067
New Zealand,NZL,2010,7.00129
New Zealand,NZL,2011,6.93488
New Zealand,NZL,2012,7.15063
New Zealand,NZL,2013,6.69998
New Zealand,NZL,2014,6.34445
New Zealand,NZL,2015,6.33739
New Zealand,NZL,2016,6.43335
New Zealand,NZL,2017,6.28367
New Zealand,NZL,2018,
New Zealand,NZL,2019,
New Zealand,NZL,2020,
Nicaragua,NIC,2000,3.0016
Nicaragua,NIC,2001,
Nicaragua,NIC,2002,2.39101
Nicaragua,NIC,2003,2.42201
Nicaragua,NIC,2004,
Nicaragua,NIC,2005,
Nicaragua,NIC,2006,
Nicaragua,NIC,2007,
Nicaragua,NIC,2008,
Nicaragua,NIC,2009,
Nicaragua,NIC,2010,4.48422
Nicaragua,NIC,2011,
Nicaragua,NIC,2012,
Nicaragua,NIC,2013,
Nicaragua,NIC,2014,4.08328
Nicaragua,NIC,2015,4.07843
Nicaragua,NIC,2016,4.08115
Nicaragua,NIC,2017,4.35768
Nicaragua,NIC,2018,
Nicaragua,NIC,2019,
Nicaragua,NIC,2020,
Nigeria,NGA,2000,
Nigeria,NGA,2001,
Nigeria,NGA,2002,
Nigeria,NGA,2003,
Nigeria,NGA,2004,
Nigeria,NGA,2005,
Nigeria,NGA,2006,
Nigeria,NGA,2007,
Nigeria,NGA,2008,
Nigeria,NGA,2009,
Nigeria,NGA,2010,
Nigeria,NGA,2011,
Nigeria,NGA,2012,
Nigeria,NGA,2013,
Nigeria,NGA,2014,
Nigeria,NGA,2015,
Nigeria,NGA,2016,
Nigeria,NGA,2017,
Nigeria,NGA,2018,
Nigeria,NGA,2019,
Nigeria,NGA,2020,
Pakistan,PAK,2000,1.83782
Pakistan,PAK,2001,
Pakistan,PAK,2002,
Pakistan,PAK,2003,
Pakistan,PAK,2004,1.76759
Pakistan,PAK,2005,2.04972
Pakistan,PAK,2006,2.39551
Pakistan,PAK,2007,2.63527
Pakistan,PAK,2008,2.74623
Pakistan,PAK,2009,2.59078
Pakistan,PAK,2010,2.28687
Pakistan,PAK,2011,2.22175
Pakistan,PAK,2012,2.13628
Pakistan,PAK,2013,2.49344
Pakistan,PAK,2014,2.46593
Pakistan,PAK,2015,2.65002
Pakistan,PAK,2016,3.00292
Pakistan,PAK,2017,2.89952
Pakistan,PAK,2018,
Pakistan,PAK,2019,
Pakistan,PAK,2020,
Peru,PER,2000,3.22803
Peru,PER,2001,3.03712
Peru,PER,2002,2.82057
Peru,PER,2003,2.9378
Peru,PER,2004,2.95787
Peru,PER,2005,2.83903
Peru,PER,2006,2.65281
Peru,PER,2007,2.6294
Peru,PER,2008,2.86775
Peru,PER,2009,3.13994
Peru,PER,2010,2.8673
Peru,PER,2011,2.6635
Peru,PER,2012,2.92276
Peru,PER,2013,3.29729
Peru,PER,2014,3.69599
Peru,PER,2015,3.96933
Peru,PER,2016,3.81317
Peru,PER,2017,3.93131
Peru,PER,2018,3.72316
Peru,PER,2019,3.84729
Peru,PER,2020,
Philippines,PHL,2000,3.1644
Philippines,PHL,2001,2.92464
Philippines,PHL,2002,2.89222
Philippines,PHL,2003,2.93518
Philippines,PHL,2004,2.46983
Philippines,PHL,2005,2.32807
Philippines,PHL,2006,2.42579
Philippines,PHL,2007,2.48518
Philippines,PHL,2008,2.58283
Philippines,PHL,2009,2.53777
Philippines,PHL,2010,
Philippines,PHL,2011,
Philippines,PHL,2012,
Philippines,PHL,2013,
Philippines,PHL,2014,
Philippines,PHL,2015,
Philippines,PHL,2016,
Philippines,PHL,2017,
Philippines,PHL,2018,
Philippines,PHL,2019,
Philippines,PHL,2020,
Puerto Rico,PRI,2000,
Puerto Rico,PRI,2001,
Puerto Rico,PRI,2002,
Puerto Rico,PRI,2003,
Puerto Rico,PRI,2004,
Puerto Rico,PRI,2005,
Puerto Rico,PRI,2006,
Puerto Rico,PRI,2007,
Puerto Rico,PRI,2008,
Puerto Rico,PRI,2009,
Puerto Rico,PRI,2010,
Puerto Rico,PRI,2011,
Puerto Rico,PRI,2012,
Puerto Rico,PRI,2013,6.48108
Puerto Rico,PRI,2014,6.07266
Puerto Rico,PRI,2015,
Puerto Rico,PRI,2016,
Puerto Rico,PRI,2017,
Puerto Rico,PRI,2018,
Puerto Rico,PRI,2019,
Puerto Rico,PRI,2020,
Romania,ROU,2000,2.86863
Romania,ROU,2001,3.26629
Romania,ROU,2002,3.50413
Romania,ROU,2003,3.54397
Romania,ROU,2004,3.31273
Romania,ROU,2005,3.50039
Romania,ROU,2006,4.30651
Romania,ROU,2007,4.14954
Romania,ROU,2008,4.0972
Romania,ROU,2009,4.00213
Romania,ROU,2010,3.49538
Romania,ROU,2011,3.05943
Romania,ROU,2012,2.9541
Romania,ROU,2013,3.04938
Romania,ROU,2014,3.12642
Romania,ROU,2015,3.10676
Romania,ROU,2016,2.97411
Romania,ROU,2017,3.09539
Romania,ROU,2018,
Romania,ROU,2019,
Romania,ROU,2020,
Russian Federation,RUS,2000,2.93979
Russian Federation,RUS,2001,3.10602
Russian Federation,RUS,2002,3.83502
Russian Federation,RUS,2003,3.67854
Russian Federation,RUS,2004,3.54787
Russian Federation,RUS,2005,3.77193
Russian Federation,RUS,2006,3.86626
Russian Federation,RUS,2007,
Russian Federation,RUS,2008,4.10175
Russian Federation,RUS,2009,
Russian Federation,RUS,2010,
Russian Federation,RUS,2011,
Russian Federation,RUS,2012,3.7931
Russian Federation,RUS,2013,3.76383
Russian Federation,RUS,2014,4.01388
Russian Federation,RUS,2015,3.83403
Russian Federation,RUS,2016,3.76044
Russian Federation,RUS,2017,4.68991
Russian Federation,RUS,2018,
Russian Federation,RUS,2019,
Russian Federation,RUS,2020,
Serbia,SRB,2000,
Serbia,SRB,2001,
Serbia,SRB,2002,
Serbia,SRB,2003,
Serbia,SRB,2004,
Serbia,SRB,2005,
Serbia,SRB,2006,
Serbia,SRB,2007,4.20984
Serbia,SRB,2008,4.442
Serbia,SRB,2009,4.48398
Serbia,SRB,2010,4.32781
Serbia,SRB,2011,4.23836
Serbia,SRB,2012,4.16421
Serbia,SRB,2013,
Serbia,SRB,2014,3.92698
Serbia,SRB,2015,3.78902
Serbia,SRB,2016,3.64027
Serbia,SRB,2017,3.71509
Serbia,SRB,2018,3.58539
Serbia,SRB,2019,
Serbia,SRB,2020,
Singapore,SGP,2000,3.3213
Singapore,SGP,2001,3.54249
Singapore,SGP,2002,3.87853
Singapore,SGP,2003,3.98194
Singapore,SGP,2004,3.65276
Singapore,SGP,2005,3.19596
Singapore,SGP,2006,2.85912
Singapore,SGP,2007,2.94675
Singapore,SGP,2008,2.7646
Singapore,SGP,2009,3.01013
Singapore,SGP,2010,3.08044
Singapore,SGP,2011,3.03077
Singapore,SGP,2012,3.07086
Singapore,SGP,2013,2.85435
Singapore,SGP,2014,
Singapore,SGP,2015,
Singapore,SGP,2016,
Singapore,SGP,2017,
Singapore,SGP,2018,
Singapore,SGP,2019,
Singapore,SGP,2020,
Slovak Republic,SVK,2000,3.86468
Slovak Republic,SVK,2001,3.9357
Slovak Republic,SVK,2002,4.2454
Slovak Republic,SVK,2003,4.20957
Slovak Republic,SVK,2004,4.10157
Slovak Republic,SVK,2005,3.75996
Slovak Republic,SVK,2006,3.7077
Slovak Republic,SVK,2007,3.52321
Slovak Republic,SVK,2008,3.52165
Slovak Republic,SVK,2009,4.00641
Slovak Republic,SVK,2010,4.08471
Slovak Republic,SVK,2011,3.92964
Slovak Republic,SVK,2012,3.8677
Slovak Republic,SVK,2013,4.07649
Slovak Republic,SVK,2014,4.22136
Slovak Republic,SVK,2015,4.59954
Slovak Republic,SVK,2016,3.91171
Slovak Republic,SVK,2017,3.93913
Slovak Republic,SVK,2018,
Slovak Republic,SVK,2019,
Slovak Republic,SVK,2020,
Tajikistan,TJK,2000,2.32871
Tajikistan,TJK,2001,2.37659
Tajikistan,TJK,2002,2.77579
Tajikistan,TJK,2003,2.42079
Tajikistan,TJK,2004,2.77203
Tajikistan,TJK,2005,3.51213
Tajikistan,TJK,2006,3.4035
Tajikistan,TJK,2007,3.41327
Tajikistan,TJK,2008,3.45983
Tajikistan,TJK,2009,4.09831
Tajikistan,TJK,2010,4.00675
Tajikistan,TJK,2011,3.93511
Tajikistan,TJK,2012,4.01803
Tajikistan,TJK,2013,
Tajikistan,TJK,2014,
Tajikistan,TJK,2015,5.23139
Tajikistan,TJK,2016,
Tajikistan,TJK,2017,
Tajikistan,TJK,2018,
Tajikistan,TJK,2019,
Tajikistan,TJK,2020,
Thailand,THA,2000,5.25346
Thailand,THA,2001,4.81787
Thailand,THA,2002,3.86492
Thailand,THA,2003,3.72561
Thailand,THA,2004,4.03089
Thailand,THA,2005,3.93859
Thailand,THA,2006,4.05038
Thailand,THA,2007,3.60315
Thailand,THA,2008,3.5085
Thailand,THA,2009,3.86194
Thailand,THA,2010,3.50844
Thailand,THA,2011,4.80555
Thailand,THA,2012,4.53671
Thailand,THA,2013,4.12402
Thailand,THA,2014,
Thailand,THA,2015,
Thailand,THA,2016,
Thailand,THA,2017,
Thailand,THA,2018,
Thailand,THA,2019,
Thailand,THA,2020,
Tunisia,TUN,2000,6.20198
Tunisia,TUN,2001,6.20183
Tunisia,TUN,2002,5.79003
Tunisia,TUN,2003,6.81673
Tunisia,TUN,2004,6.72078
Tunisia,TUN,2005,6.45157
Tunisia,TUN,2006,6.43859
Tunisia,TUN,2007,6.46552
Tunisia,TUN,2008,6.27219
Tunisia,TUN,2009,6.52848
Tunisia,TUN,2010,6.25481
Tunisia,TUN,2011,
Tunisia,TUN,2012,6.25037
Tunisia,TUN,2013,
Tunisia,TUN,2014,
Tunisia,TUN,2015,6.59601
Tunisia,TUN,2016,
Tunisia,TUN,2017,
Tunisia,TUN,2018,
Tunisia,TUN,2019,
Tunisia,TUN,2020,
Turkiye,TUR,2000,2.52908
Turkiye,TUR,2001,2.65434
Turkiye,TUR,2002,2.74894
Turkiye,TUR,2003,2.87663
Turkiye,TUR,2004,3.0202
Turkiye,TUR,2005,
Turkiye,TUR,2006,2.75063
Turkiye,TUR,2007,
Turkiye,TUR,2008,
Turkiye,TUR,2009,
Turkiye,TUR,2010,
Turkiye,TUR,2011,
Turkiye,TUR,2012,
Turkiye,TUR,2013,
Turkiye,TUR,2014,
Turkiye,TUR,2015,
Turkiye,TUR,2016,
Turkiye,TUR,2017,
Turkiye,TUR,2018,
Turkiye,TUR,2019,
Turkiye,TUR,2020,
Ukraine,UKR,2000,4.16623
Ukraine,UKR,2001,4.68506
Ukraine,UKR,2002,5.43863
Ukraine,UKR,2003,5.60786
Ukraine,UKR,2004,5.31351
Ukraine,UKR,2005,6.06441
Ukraine,UKR,2006,6.2148
Ukraine,UKR,2007,6.15721
Ukraine,UKR,2008,6.43621
Ukraine,UKR,2009,7.31802
Ukraine,UKR,2010,
Ukraine,UKR,2011,6.16237
Ukraine,UKR,2012,6.69233
Ukraine,UKR,2013,6.67166
Ukraine,UKR,2014,5.87494
Ukraine,UKR,2015,
Ukraine,UKR,2016,5.00978
Ukraine,UKR,2017,5.41226
Ukraine,UKR,2018,
Ukraine,UKR,2019,
Ukraine,UKR,2020,
United Kingdom,GBR,2000,4.03119
United Kingdom,GBR,2001,4.11923
United Kingdom,GBR,2002,4.63887
United Kingdom,GBR,2003,4.80467
United Kingdom,GBR,2004,4.73879
United Kingdom,GBR,2005,4.93914
United Kingdom,GBR,2006,4.98531
United Kingdom,GBR,2007,4.91482
United Kingdom,GBR,2008,4.89331
United Kingdom,GBR,2009,5.07432
United Kingdom,GBR,2010,5.70324
United Kingdom,GBR,2011,5.59523
United Kingdom,GBR,2012,
United Kingdom,GBR,2013,5.5298
United Kingdom,GBR,2014,5.599
United Kingdom,GBR,2015,5.55616
United Kingdom,GBR,2016,5.4267
United Kingdom,GBR,2017,5.44209
United Kingdom,GBR,2018,
United Kingdom,GBR,2019,
United Kingdom,GBR,2020,
United States,USA,2000,
United States,USA,2001,
United States,USA,2002,
United States,USA,2003,
United States,USA,2004,
United States,USA,2005,
United States,USA,2006,
United States,USA,2007,
United States,USA,2008,
United States,USA,2009,
United States,USA,2010,
United States,USA,2011,
United States,USA,2012,
United States,USA,2013,4.93105
United States,USA,2014,4.96174
United States,USA,2015,
United States,USA,2016,
United States,USA,2017,
United States,USA,2018,
United States,USA,2019,
United States,USA,2020,
Uruguay,URY,2000,2.42255
Uruguay,URY,2001,2.80096
Uruguay,URY,2002,2.3222
Uruguay,URY,2003,2.06821
Uruguay,URY,2004,2.49954
Uruguay,URY,2005,2.71475
Uruguay,URY,2006,2.88026
Uruguay,URY,2007,
Uruguay,URY,2008,
Uruguay,URY,2009,
Uruguay,URY,2010,
Uruguay,URY,2011,4.35527
Uruguay,URY,2012,
Uruguay,URY,2013,
Uruguay,URY,2014,
Uruguay,URY,2015,
Uruguay,URY,2016,4.7591
Uruguay,URY,2017,4.8403
Uruguay,URY,2018,5.04759
Uruguay,URY,2019,
Uruguay,URY,2020,
Uzbekistan,UZB,2000,
Uzbekistan,UZB,2001,
Uzbekistan,UZB,2002,
Uzbekistan,UZB,2003,
Uzbekistan,UZB,2004,
Uzbekistan,UZB,2005,
Uzbekistan,UZB,2006,
Uzbekistan,UZB,2007,
Uzbekistan,UZB,2008,
Uzbekistan,UZB,2009,
Uzbekistan,UZB,2010,
Uzbekistan,UZB,2011,
Uzbekistan,UZB,2012,
Uzbekistan,UZB,2013,6.09001
Uzbekistan,UZB,2014,6.02527
Uzbekistan,UZB,2015,5.78638
Uzbekistan,UZB,2016,5.66773
Uzbekistan,UZB,2017,5.28134
Uzbekistan,UZB,2018,
Uzbekistan,UZB,2019,
Uzbekistan,UZB,2020,
"Venezuela, RB",VEN,2000,
"Venezuela, RB",VEN,2001,
"Venezuela, RB",VEN,2002,
"Venezuela, RB",VEN,2003,
"Venezuela, RB",VEN,2004,
"Venezuela, RB",VEN,2005,
"Venezuela, RB",VEN,2006,3.66906
"Venezuela, RB",VEN,2007,3.62732
"Venezuela, RB",VEN,2008,
"Venezuela, RB",VEN,2009,6.87468
"Venezuela, RB",VEN,2010,
"Venezuela, RB",VEN,2011,
"Venezuela, RB",VEN,2012,
"Venezuela, RB",VEN,2013,
"Venezuela, RB",VEN,2014,
"Venezuela, RB",VEN,2015,
"Venezuela, RB",VEN,2016,
"Venezuela, RB",VEN,2017,
"Venezuela, RB",VEN,2018,
"Venezuela, RB",VEN,2019,
"Venezuela, RB",VEN,2020,
Viet Nam,VNM,2000,
Viet Nam,VNM,2001,
Viet Nam,VNM,2002,
Viet Nam,VNM,2003,
Viet Nam,VNM,2004,
Viet Nam,VNM,2005,
Viet Nam,VNM,2006,
Viet Nam,VNM,2007,
Viet Nam,VNM,2008,4.88674
Viet Nam,VNM,2009,4.8165
Viet Nam,VNM,2010,5.13722
Viet Nam,VNM,2011,4.81372
Viet Nam,VNM,2012,5.53329
Viet Nam,VNM,2013,5.652
Viet Nam,VNM,2014,
Viet Nam,VNM,2015,
Viet Nam,VNM,2016,4.34481
Viet Nam,VNM,2017,
Viet Nam,VNM,2018,4.16745
Viet Nam,VNM,2019,
Viet Nam,VNM,2020,
Zimbabwe,ZWE,2000,
Zimbabwe,ZWE,2001,
Zimbabwe,ZWE,2002,
Zimbabwe,ZWE,2003,
Zimbabwe,ZWE,2004,
Zimbabwe,ZWE,2005,
Zimbabwe,ZWE,2006,
Zimbabwe,ZWE,2007,
Zimbabwe,ZWE,2008,
Zimbabwe,ZWE,2009,
Zimbabwe,ZWE,2010,1.54406
Zimbabwe,ZWE,2011,
Zimbabwe,ZWE,2012,6.07021
Zimbabwe,ZWE,2013,5.99598
Zimbabwe,ZWE,2014,6.13835
Zimbabwe,ZWE,2015,
Zimbabwe,ZWE,2016,
Zimbabwe,ZWE,2017,5.81878
Zimbabwe,ZWE,2018,5.87135
Zimbabwe,ZWE,2019,
Zimbabwe,ZWE,2020,
